AU01,AU02,AU04,AU05,AU06,AU07,AU09,AU10,AU11,AU12,AU14,AU15,AU17,AU20,AU23,AU24,AU25,AU26,AU28,AU43,file,face,label
0.5279738903045654,0.15610571205615997,0.7020684480667114,0.46948114037513733,0.08707377314567566,0.0,0.13845746219158173,0.013138181529939175,0.0,0.01492223795503378,0.15464569628238678,0.11413104087114334,0.46210068464279175,0.0,0.5519914031028748,0.3543647229671478,0.5247166752815247,0.09871526062488556,0.07340171933174133,0.056035347282886505,tbhxcbza_6.png,0,angry
0.3333250880241394,0.26596978306770325,0.6027494668960571,0.38348647952079773,0.261217325925827,0.0,0.2340199500322342,0.6360664963722229,1.0,0.17328354716300964,0.14173944294452667,0.23804450035095215,0.39864543080329895,1.0,0.6503884196281433,0.08729900419712067,0.9996871948242188,0.9313824772834778,0.12361233681440353,0.17027011513710022,zdzxvhjb_6.png,0,angry
0.3575642704963684,0.1045282632112503,0.9186151623725891,0.29559430480003357,0.3853336274623871,1.0,0.8164920806884766,0.9274253845214844,0.0,0.1507806032896042,0.23534750938415527,0.24639764428138733,0.3004801273345947,1.0,0.4508426785469055,0.011251709423959255,0.9997500777244568,0.9336548447608948,0.023108486086130142,0.9132625460624695,qaaaaaaa_6.png,0,angry
0.480145126581192,0.2868652641773224,0.5752814412117004,0.593352198600769,0.10588759928941727,0.0,0.22263431549072266,0.27028965950012207,0.0,0.21413931250572205,0.34458214044570923,0.26264646649360657,0.2425140142440796,1.0,0.16294923424720764,0.009330948814749718,0.9999575614929199,0.890917181968689,0.06805267184972763,0.07047498971223831,pxswopif_6.png,0,angry
0.2884349822998047,0.10533398389816284,0.9176139235496521,0.33012521266937256,0.30179357528686523,0.0,0.1341647505760193,0.3547375798225403,0.0,0.053010549396276474,0.23687832057476044,0.2823972702026367,0.3923908770084381,1.0,0.46157708764076233,0.016005128622055054,0.9997714161872864,0.9686098694801331,0.10491269826889038,0.09702303260564804,nmkkpqag_6.png,0,angry
0.579361081123352,0.2429899275302887,0.7356799840927124,0.2723234295845032,0.40464287996292114,0.0,0.7237783670425415,0.6824408769607544,0.0,0.1600751280784607,0.10291958600282669,0.1341591626405716,0.2178257256746292,1.0,0.29008716344833374,0.0053925360552966595,0.999976396560669,0.9354410767555237,0.025562826544046402,0.7757301926612854,dlqnfuhe_6.png,0,angry
0.7015541195869446,0.4122261703014374,0.4333440065383911,0.5670153498649597,0.08343757688999176,0.0,0.1241992935538292,0.39476826786994934,1.0,0.03803519904613495,0.1559535413980484,0.26095911860466003,0.376083642244339,1.0,0.4032558798789978,0.015761900693178177,0.9971879124641418,0.9542474746704102,0.04590616002678871,0.04642568901181221,rmulxejr_6.png,0,angry
0.5062485337257385,0.2737163007259369,0.29309430718421936,0.2636314332485199,0.16511553525924683,0.0,0.2159392535686493,0.4311833381652832,0.0,0.238382488489151,0.3073848783969879,0.397072970867157,0.38639605045318604,1.0,0.3244425356388092,0.02506745047867298,0.9969600439071655,0.9004033803939819,0.050857674330472946,0.6689621806144714,jrqecequ_6.png,0,angry
0.7212318778038025,0.2788466811180115,0.8180798292160034,0.2536742091178894,0.2620199918746948,0.0,0.5203205943107605,0.2656245529651642,0.0,0.04955894127488136,0.10143883526325226,0.056863799691200256,0.30176037549972534,1.0,0.19715715944766998,0.007068967446684837,0.9999730587005615,0.9520028233528137,0.03703560307621956,0.7070158123970032,jrqecequ_6.png,1,angry
0.3732713460922241,0.12906566262245178,0.44930708408355713,0.35346099734306335,0.46961474418640137,1.0,0.15565741062164307,0.414922297000885,0.0,0.2729615271091461,0.2343786358833313,0.17101231217384338,0.2697257697582245,1.0,0.18022070825099945,0.00879270862787962,0.9999315738677979,0.9380996227264404,0.047975555062294006,0.048632051795721054,aslknmnm_6.png,0,angry
0.5226352214813232,0.14888352155685425,0.6762102842330933,0.4819960296154022,0.068117655813694,0.0,0.12135481834411621,0.08207380771636963,1.0,0.03837921470403671,0.32183703780174255,0.3325613737106323,0.2928313910961151,0.0,0.3224599063396454,0.1618158519268036,0.9841179847717285,0.36959412693977356,0.1951797902584076,0.08852297812700272,kehgoqtf_6.png,0,angry
0.37263986468315125,0.20823469758033752,0.8509939312934875,0.2638235092163086,0.23615622520446777,0.0,0.5712721943855286,0.7246826887130737,0.0,0.07212626188993454,0.45632004737854004,0.47084593772888184,0.32989203929901123,1.0,0.24245193600654602,0.0720851868391037,0.9987429976463318,0.7778606414794922,0.02192281000316143,0.19214928150177002,nwjandkw_6.png,0,angry
0.372982919216156,0.2499404102563858,0.7720748782157898,0.31952768564224243,0.2410636693239212,0.0,0.2759648859500885,0.30308935046195984,0.0,0.1763681322336197,0.1703515499830246,0.5685871839523315,0.3273738622665405,1.0,0.5485461354255676,0.12183848768472672,0.9961169958114624,0.9003702998161316,0.11734984070062637,0.2759743928909302,advjljth_6.png,0,angry
0.5588253140449524,0.31905806064605713,0.1922350376844406,0.6547718048095703,0.1544647514820099,0.0,0.20449700951576233,0.14972200989723206,1.0,0.10423380136489868,0.3008573651313782,0.5085718035697937,0.4472121000289917,1.0,0.2732464075088501,0.37587180733680725,0.9797149896621704,0.4035819470882416,0.10249952971935272,0.17300452291965485,hcefsoyr_6.png,0,angry
0.2935731112957001,0.21968618035316467,0.6815390586853027,0.3296400010585785,0.10083041340112686,0.0,0.1400773525238037,0.02771550789475441,1.0,0.03051868826150894,0.2673649191856384,0.10045595467090607,0.2878226637840271,0.0,0.28830263018608093,0.07711534202098846,0.9538341760635376,0.2071063220500946,0.21075701713562012,0.03661377727985382,nivowqgk_6.png,0,angry
0.5916869044303894,0.1421007663011551,0.7305874228477478,0.5064404606819153,0.18650774657726288,0.0,0.15132957696914673,0.11624474823474884,0.0,0.09991565346717834,0.08877737075090408,0.0886816754937172,0.42455530166625977,1.0,0.5139625668525696,0.07078108191490173,0.9568101167678833,0.41443684697151184,0.07236810773611069,0.0756477639079094,vrdctlwb_6.png,0,angry
0.3407052755355835,0.2297256886959076,0.5079466700553894,0.6158829927444458,0.07745005190372467,0.0,0.15575532615184784,0.29312875866889954,1.0,0.1542925089597702,0.35892778635025024,0.34708088636398315,0.3907419741153717,1.0,0.26589494943618774,0.024482576176524162,0.9993311166763306,0.30446290969848633,0.10200148075819016,0.033865947276353836,oayicbck_6.png,0,angry
0.40497368574142456,0.22333329916000366,0.6167941093444824,0.7235942482948303,0.06239812448620796,1.0,0.14772522449493408,0.6973385810852051,1.0,0.1872975379228592,0.18911594152450562,0.2079320102930069,0.299675852060318,1.0,0.2123052030801773,0.038287676870822906,0.995823860168457,0.920132040977478,0.05875720828771591,0.03251335397362709,andtcvhp_6.png,0,angry
0.4412434995174408,0.20282985270023346,0.9153018593788147,0.23622307181358337,0.6098061203956604,1.0,0.5145617723464966,0.5151205062866211,0.0,0.18705254793167114,0.4074292778968811,0.5400463342666626,0.27245038747787476,1.0,0.2806275486946106,0.010618898086249828,0.9997130036354065,0.7866311073303223,0.07116580754518509,0.7667725682258606,bfsobsqq_6.png,0,angry
0.4026229977607727,0.354042649269104,0.5022234916687012,0.3156985640525818,0.046395279467105865,0.0,0.13141515851020813,0.005075568333268166,0.0,0.02619590051472187,0.47382402420043945,0.7847911715507507,0.3336643874645233,0.0,0.5687635540962219,0.4505527913570404,0.03402674198150635,0.27699723839759827,0.6395639777183533,0.01980295404791832,dxetvmdg_6.png,0,angry
0.4175579845905304,0.21262945234775543,0.9157067537307739,0.44672027230262756,0.19284069538116455,1.0,0.12912006676197052,0.11637742817401886,1.0,0.050760217010974884,0.08119361847639084,0.5142183899879456,0.6583930253982544,0.0,0.7474303245544434,0.1215864047408104,0.9862210750579834,0.7167530655860901,0.1326213926076889,0.08285603672266006,mszswsaa_6.png,0,angry
0.36666733026504517,0.28172051906585693,0.8540537357330322,0.31832337379455566,0.46461382508277893,1.0,0.6532103419303894,0.9280208945274353,0.0,0.2858588695526123,0.2352021187543869,0.48584428429603577,0.22339798510074615,1.0,0.4555665850639343,0.005888622719794512,0.9999587535858154,0.9648886919021606,0.028873400762677193,0.2908713221549988,ijijoijo_6.png,0,angry
0.4095246493816376,0.13736163079738617,0.715719997882843,0.5002524256706238,0.10008686780929565,0.0,0.11083684861660004,0.03197085112333298,0.0,0.01766412891447544,0.14773550629615784,0.16599443554878235,0.41216495633125305,0.0,0.3508908748626709,0.03570371866226196,0.9986494183540344,0.7330370545387268,0.03626176714897156,0.03247622773051262,tlrnfwgj_6.png,0,angry
0.3571299612522125,0.2842163145542145,0.8202646374702454,0.4104343354701996,0.3766074478626251,1.0,0.20181405544281006,0.7283207774162292,0.0,0.11609720438718796,0.13610924780368805,0.3734592795372009,0.2859126031398773,1.0,0.2981700897216797,0.007342885248363018,0.9999570846557617,0.8814127445220947,0.031084757298231125,0.1196334958076477,bbbbbbbb_6.png,0,angry
0.5820068717002869,0.18461118638515472,0.28987351059913635,0.5600274801254272,0.04607650265097618,0.0,0.10874079912900925,0.047243669629096985,0.0,0.048026327043771744,0.17182844877243042,0.438235878944397,0.3990115523338318,0.0,0.4781078100204468,0.44397658109664917,0.9156440496444702,0.6720888018608093,0.25916188955307007,0.03670202195644379,zsnwtxlx_6.png,0,angry
0.4521860182285309,0.21932511031627655,0.7754933834075928,0.5975770354270935,0.1668219268321991,0.0,0.18157407641410828,0.40827345848083496,0.0,0.11518003791570663,0.3910597860813141,0.2707885205745697,0.29612696170806885,1.0,0.4652564525604248,0.022805552929639816,0.999763548374176,0.7944912910461426,0.23161627352237701,0.18237687647342682,yvfatixr_6.png,0,angry
0.40109461545944214,0.24052082002162933,0.5128527879714966,0.7346208691596985,0.06377606838941574,0.0,0.1133781373500824,0.003550721798092127,1.0,0.04080131649971008,0.3817056715488434,0.08472640067338943,0.40483495593070984,0.0,0.5206627249717712,0.5094752907752991,0.21329297125339508,0.19639836251735687,0.1763935536146164,0.01955750398337841,haapovkb_6.png,0,angry
0.7381486296653748,0.32015785574913025,0.7208021879196167,0.4444272518157959,0.28417569398880005,0.0,0.24429261684417725,0.4120096266269684,1.0,0.097093865275383,0.14384585618972778,0.11115411669015884,0.338522732257843,1.0,0.5037978887557983,0.022526098415255547,0.9884603023529053,0.8158423900604248,0.04888899624347687,0.2899307906627655,zoghefwq_6.png,0,angry
0.4098128378391266,0.3425491452217102,0.4232272207736969,0.5496681928634644,0.05594704672694206,0.0,0.16868528723716736,0.007219580467790365,0.0,0.030138803645968437,0.15724456310272217,0.07303579151630402,0.33298757672309875,0.0,0.1703147292137146,0.09135949611663818,0.992892861366272,0.4764953851699829,0.022706950083374977,0.04801127687096596,nlhunkeq_6.png,0,angry
0.39751559495925903,0.3928055763244629,0.7541353702545166,0.2311011105775833,0.3927678167819977,0.0,0.46044349670410156,0.8043634295463562,0.0,0.40375205874443054,0.3262987434864044,0.5911222696304321,0.3164043426513672,1.0,0.5411590933799744,0.022415626794099808,0.9880097508430481,0.845481276512146,0.040330540388822556,0.7780071496963501,yukggygi_6.png,0,angry
0.3843100965023041,0.1707087904214859,0.695561945438385,0.4520765542984009,0.18371149897575378,0.0,0.2645565867424011,0.032238710671663284,0.0,0.06942471116781235,0.1653403639793396,0.24597351253032684,0.24325469136238098,1.0,0.40508151054382324,0.005972718354314566,0.9999852180480957,0.9348199963569641,0.01772075518965721,0.0877833366394043,uczqqnun_6.png,0,angry
0.39200738072395325,0.1957702338695526,0.7914047837257385,0.34247076511383057,0.26973089575767517,1.0,0.2651158571243286,0.08221876621246338,0.0,0.08312705159187317,0.219963937997818,0.30403950810432434,0.3797636330127716,1.0,0.419676274061203,0.014051242731511593,0.9999791383743286,0.6077401638031006,0.09188609570264816,0.202345609664917,ooooopoo_6.png,0,angry
0.5357584953308105,0.32808369398117065,0.6886888742446899,0.5028002858161926,0.05106883868575096,0.0,0.13891424238681793,0.02295089140534401,1.0,0.027823572978377342,0.17221742868423462,0.39846235513687134,0.24872002005577087,0.0,0.40453705191612244,0.2313755601644516,0.7591295838356018,0.3369024991989136,0.09383677691221237,0.015969280153512955,rbxswmdz_6.png,0,angry
0.44690242409706116,0.14169296622276306,0.9592204093933105,0.2707114517688751,0.615882933139801,1.0,0.7168545126914978,0.8014911413192749,1.0,0.17759200930595398,0.1941966712474823,0.38343939185142517,0.32112231850624084,1.0,0.42948463559150696,0.041118867695331573,0.9998869895935059,0.7645661234855652,0.03713500127196312,0.7195103168487549,nlbibpbd_6.png,0,angry
0.696196973323822,0.4063881039619446,0.7360716462135315,0.3839991092681885,0.07660000026226044,0.0,0.11448569595813751,0.007562811952084303,0.0,0.015736563131213188,0.23954278230667114,0.8246719241142273,0.6047523617744446,0.0,0.49942535161972046,0.7732760310173035,0.004611117299646139,0.05988822504878044,0.5753064751625061,0.04512915760278702,xeqhjgqj_6.png,0,angry
0.6445577144622803,0.22756296396255493,0.5497657060623169,0.3274214565753937,0.30973222851753235,1.0,0.17939560115337372,0.06491908431053162,0.0,0.3621148467063904,0.15657378733158112,0.38812774419784546,0.42817798256874084,1.0,0.4172699451446533,0.058205291628837585,0.9999107122421265,0.927027702331543,0.039987292140722275,0.10790237039327621,efstbefh_6.png,0,angry
0.5634036064147949,0.3304797410964966,0.7909893989562988,0.39391398429870605,0.2568953335285187,0.0,0.196988046169281,0.6408266425132751,0.0,0.104537233710289,0.05845019966363907,0.1748594045639038,0.2253822386264801,1.0,0.3180674910545349,0.006033279001712799,0.9999908208847046,0.9408422708511353,0.015842825174331665,0.055298130959272385,dbdmunql_6.png,0,angry
0.38688769936561584,0.09154342859983444,0.8979184031486511,0.27293482422828674,0.6292915940284729,1.0,0.7092559933662415,0.08829902112483978,0.0,0.17426297068595886,0.3505825996398926,0.5350368618965149,0.214776873588562,1.0,0.1741100698709488,0.006051556207239628,0.9999948740005493,0.9516220092773438,0.02637050487101078,0.7337614893913269,qasdfssk_6.png,0,angry
0.25080788135528564,0.17846247553825378,0.6344231367111206,0.5691672563552856,0.06473171710968018,1.0,0.10113731771707535,0.024352097883820534,1.0,0.04593755677342415,0.7363017797470093,0.06736945360898972,0.26138749718666077,0.0,0.42808812856674194,0.3470554053783417,0.884346067905426,0.17123810946941376,0.17462587356567383,0.059637196362018585,jpxtqenm_6.png,0,angry
0.33130547404289246,0.3326660394668579,0.19125467538833618,0.3702682554721832,0.08438149839639664,0.0,0.13906149566173553,0.041117239743471146,0.0,0.02423853799700737,0.5577962398529053,0.5083003640174866,0.4002370238304138,0.0,0.6607794165611267,0.2731432616710663,0.8362493515014648,0.2570111155509949,0.12192057818174362,0.05176059529185295,hddtkpjz_6.png,0,angry
0.30748194456100464,0.15345467627048492,0.7983106374740601,0.5097915530204773,0.09373927861452103,0.0,0.1207088753581047,0.7168246507644653,0.0,0.035168662667274475,0.2265288531780243,0.06332164257764816,0.21458753943443298,1.0,0.36049607396125793,0.06195462867617607,0.9836044907569885,0.600411057472229,0.10917958617210388,0.0394451841711998,pogajkwy_6.png,0,angry
0.48222628235816956,0.18781742453575134,0.6600677371025085,0.6284863352775574,0.054434243589639664,0.0,0.11832278221845627,0.14465951919555664,0.0,0.06205984950065613,0.1288323849439621,0.6413479447364807,0.3401225805282593,0.0,0.5358272194862366,0.030213089659810066,0.9620229005813599,0.5567204356193542,0.08714445680379868,0.05956770479679108,lvjiluxj_6.png,0,angry
0.80583256483078,0.42309534549713135,0.7100039124488831,0.31934189796447754,0.24118302762508392,0.0,0.14311541616916656,0.5920643210411072,1.0,0.06580111384391785,0.21147863566875458,0.7462316751480103,0.25933223962783813,1.0,0.4247475564479828,0.009150034748017788,0.9999407529830933,0.9834785461425781,0.08694123476743698,0.057758308947086334,cbpbxhld_6.png,0,angry
0.439116895198822,0.11508392542600632,0.2626732587814331,0.4236648380756378,0.10912857949733734,0.0,0.24968668818473816,0.4188462793827057,0.0,0.0458931066095829,0.20249386131763458,0.11505547165870667,0.20734331011772156,1.0,0.2603348195552826,0.00809969287365675,0.9999719858169556,0.955387532711029,0.07680225372314453,0.06621164083480835,ooiijkjl_6.png,0,angry
0.49486324191093445,0.2743668854236603,0.5346213579177856,0.37418606877326965,0.2510073184967041,0.0,0.33219465613365173,0.04972176253795624,1.0,0.25171369314193726,0.06632480770349503,0.33117419481277466,0.5199090838432312,0.0,0.4368176758289337,0.5922079682350159,0.2245524525642395,0.5374006628990173,0.025283332914114,0.5221329927444458,ydgdsdfp_6.png,0,angry
0.2798623740673065,0.1865769475698471,0.7391508221626282,0.37886789441108704,0.2202104777097702,0.0,0.2236950695514679,0.08065637201070786,0.0,0.08008437603712082,0.10024426132440567,0.18766199052333832,0.18848206102848053,1.0,0.23658500611782074,0.0053689791820943356,0.9999879598617554,0.955690324306488,0.01349003054201603,0.10580404102802277,dddddddd_6.png,0,angry
0.6077368855476379,0.36944591999053955,0.5318005681037903,0.4593661427497864,0.11440659314393997,0.0,0.1335773915052414,0.0036419115494936705,0.0,0.05894896760582924,0.12781982123851776,0.13966235518455505,0.3150895833969116,1.0,0.1842300146818161,0.051267676055431366,0.9979198575019836,0.5068379640579224,0.013096083886921406,0.1278495341539383,pjazllyu_6.png,0,angry
0.5301386713981628,0.15742440521717072,0.4794272780418396,0.4128638803958893,0.09155261516571045,0.0,0.09986482560634613,0.46205803751945496,0.0,0.044913291931152344,0.10377900302410126,0.09620904922485352,0.17805173993110657,1.0,0.38158127665519714,0.014277289621531963,0.9988619089126587,0.7729867100715637,0.08948146551847458,0.0768251121044159,obxgsvri_6.png,0,angry
0.44785213470458984,0.3237954378128052,0.6509429216384888,0.5747095942497253,0.08367126435041428,0.0,0.10468122363090515,0.01827254332602024,0.0,0.019799821078777313,0.11951106786727905,0.1712387204170227,0.3300856649875641,1.0,0.2972203195095062,0.032623399049043655,0.9928096532821655,0.6129705309867859,0.06291461735963821,0.04721609875559807,uqkumpvt_6.png,0,angry
0.44490116834640503,0.3665904104709625,0.8014013767242432,0.3161684274673462,0.1131698489189148,0.0,0.11533964425325394,0.6299235224723816,1.0,0.019236795604228973,0.23539870977401733,0.7767367959022522,0.5244458317756653,0.0,0.3448163866996765,0.11468959599733353,0.9790229201316833,0.22349634766578674,0.018961509689688683,0.02385670691728592,azikakjh_6.png,0,angry
0.4370662271976471,0.14217884838581085,0.2929344177246094,0.5000936388969421,0.13068276643753052,0.0,0.22970163822174072,0.09667074680328369,1.0,0.08017071336507797,0.35550564527511597,0.044926904141902924,0.3189680576324463,1.0,0.501490592956543,0.016235481947660446,0.9999425411224365,0.6077688932418823,0.06431809812784195,0.029454786330461502,lbbclxdi_6.png,0,angry
0.27059176564216614,0.19206225872039795,0.33747851848602295,0.48881983757019043,0.07406408339738846,0.0,0.11472990363836288,0.04039691388607025,0.0,0.05692044273018837,0.14231805503368378,0.18660658597946167,0.29116421937942505,0.0,0.47580376267433167,0.11967996507883072,0.9917052984237671,0.6548482775688171,0.33198437094688416,0.0522628016769886,qsppwfzj_6.png,0,angry
0.31576767563819885,0.13501198589801788,0.5010990500450134,0.48379719257354736,0.08962571620941162,0.0,0.12504613399505615,0.0044844127260148525,0.0,0.016015781089663506,0.3161945343017578,0.40680938959121704,0.49685901403427124,0.0,0.43624448776245117,0.35868629813194275,0.6444692015647888,0.10991914570331573,0.08544319868087769,0.07249026000499725,phpxtbyz_6.png,0,angry
0.38126423954963684,0.33923789858818054,0.5274415016174316,0.4548202455043793,0.07199357450008392,0.0,0.1520700603723526,0.005277767777442932,0.0,0.03242018073797226,0.3102898597717285,0.25980162620544434,0.4748232960700989,0.0,0.30146583914756775,0.38388165831565857,0.6944504380226135,0.1567673534154892,0.23068654537200928,0.03319462388753891,kgygrpuj_6.png,0,angry
0.439884215593338,0.2483154982328415,0.8130055665969849,0.49324652552604675,0.15183082222938538,0.0,0.2831938564777374,0.7948262095451355,0.0,0.1867716759443283,0.569252610206604,0.557923436164856,0.20899717509746552,1.0,0.21369405090808868,0.05411795154213905,0.9984310269355774,0.7766717672348022,0.11525574326515198,0.043131664395332336,nnfzpwxh_6.png,0,angry
0.7275189161300659,0.30334120988845825,0.8923237323760986,0.2667746841907501,0.5849183797836304,1.0,0.6897987723350525,0.33876919746398926,0.0,0.141684427857399,0.07474204152822495,0.43137723207473755,0.2508464753627777,1.0,0.13160178065299988,0.005180752370506525,0.9999721050262451,0.9373396635055542,0.015769219025969505,0.7477790713310242,vcspnwua_6.png,0,angry
0.6923285126686096,0.14226824045181274,0.6830142736434937,0.39083045721054077,0.18340949714183807,1.0,0.13187602162361145,0.001893817912787199,1.0,0.25468191504478455,0.17025063931941986,0.03304118290543556,0.33913108706474304,1.0,0.2826097011566162,0.045769449323415756,0.9836277961730957,0.14972607791423798,0.01775900088250637,0.04913506656885147,ttcbwxpr_6.png,0,angry
0.7014259099960327,0.40061715245246887,0.8569225072860718,0.22619345784187317,0.33936166763305664,0.0,0.21495112776756287,0.8497735857963562,0.0,0.27517420053482056,0.14738737046718597,0.37089499831199646,0.3675512671470642,1.0,0.4007229804992676,0.026740023866295815,0.9994931221008301,0.8691815733909607,0.12535685300827026,0.2687815725803375,uczntuih_6.png,0,angry
0.3997117280960083,0.2231994867324829,0.31962504982948303,0.7427759170532227,0.09134998172521591,0.0,0.11776555329561234,0.0005899862735532224,1.0,0.02882530726492405,0.10336050391197205,0.10065796226263046,0.47048425674438477,0.0,0.19084811210632324,0.04266275838017464,0.8763560652732849,0.40415892004966736,0.04351862147450447,0.1014072597026825,yrvfqgig_6.png,0,angry
0.5797947645187378,0.19756560027599335,0.9300985336303711,0.2827651798725128,0.5396096706390381,1.0,0.7879367470741272,0.08206597715616226,0.0,0.04728637635707855,0.14951536059379578,0.2720262408256531,0.25121352076530457,1.0,0.5475318431854248,0.021987425163388252,0.9994376301765442,0.8853519558906555,0.0286386851221323,0.9288506507873535,gkasidqp_6.png,0,angry
0.3103620409965515,0.09416574239730835,0.6944503784179688,0.2808554172515869,0.2567045986652374,1.0,0.3987399935722351,0.697593092918396,1.0,0.1015220358967781,0.18052725493907928,0.8487825393676758,0.7412101030349731,0.0,0.3370303809642792,0.28641626238822937,0.4747588038444519,0.30935341119766235,0.016233272850513458,0.34348541498184204,mndhsqav_6.png,0,angry
0.4085186719894409,0.2649243474006653,0.23167410492897034,0.3433772623538971,0.16763287782669067,1.0,0.31105536222457886,0.28012946248054504,0.0,0.20531190931797028,0.1564047783613205,0.12062616646289825,0.2546918988227844,1.0,0.3025405704975128,0.007295494899153709,0.9999905824661255,0.9150696396827698,0.15450912714004517,0.06600337475538254,mrpkjlrj_6.png,0,angry
0.36334171891212463,0.16008296608924866,0.7104535698890686,0.26495301723480225,0.16647860407829285,1.0,0.49228399991989136,0.1974584460258484,1.0,0.06695514172315598,0.2765484154224396,0.3495166003704071,0.3499685823917389,1.0,0.325529009103775,0.052276622503995895,0.9993035793304443,0.6516539454460144,0.2544004023075104,0.5022008419036865,wycefwdw_6.png,0,angry
0.4913651943206787,0.12275037169456482,0.5948546528816223,0.4672812223434448,0.25122207403182983,0.0,0.19626323878765106,0.571885347366333,0.0,0.14773227274417877,0.3000020384788513,0.2854834496974945,0.29325413703918457,1.0,0.5981330871582031,0.02266501635313034,0.9977624416351318,0.7168232798576355,0.36301353573799133,0.02644326351583004,jvcsglzc_6.png,0,angry
0.5692251324653625,0.3454788625240326,0.2988685369491577,0.6721465587615967,0.10862021148204803,0.0,0.15327826142311096,0.0347786583006382,0.0,0.03618307784199715,0.1984720677137375,0.09863985329866409,0.2667276859283447,0.0,0.13630053400993347,0.07123366743326187,0.995896577835083,0.22022230923175812,0.02573757991194725,0.04486120492219925,erejzejf_6.png,0,angry
0.32509809732437134,0.10736383497714996,0.8616943359375,0.23795576393604279,0.23487572371959686,1.0,0.6277385950088501,0.06388458609580994,1.0,0.04385381564497948,0.4516840875148773,0.791549026966095,0.5350900888442993,0.0,0.7168350219726562,0.6629389524459839,0.04069739207625389,0.028544878587126732,0.3759039342403412,0.5292982459068298,znxzqwee_6.png,0,angry
0.3443875014781952,0.23161059617996216,0.3670237958431244,0.49908697605133057,0.1168796569108963,0.0,0.15975260734558105,0.7024286389350891,1.0,0.10831097513437271,0.16904498636722565,0.22434455156326294,0.24685604870319366,1.0,0.29508596658706665,0.01136739831417799,0.999908447265625,0.9420018196105957,0.17982640862464905,0.02163849212229252,xutcrxeu_6.png,0,angry
0.3403967022895813,0.34244176745414734,0.704351007938385,0.5726945400238037,0.17983552813529968,0.0,0.19418928027153015,0.05489393323659897,0.0,0.10552651435136795,0.13549399375915527,0.29162725806236267,0.2529495060443878,1.0,0.19151440262794495,0.004411912057548761,0.9999881982803345,0.9699337482452393,0.03165339678525925,0.09689241647720337,kjlnammx_6.png,0,angry
0.5075952410697937,0.4627889096736908,0.12948182225227356,0.6638197898864746,0.13559205830097198,0.0,0.12023980915546417,9.915282134898007e-05,0.0,0.06618132442235947,0.39200520515441895,0.07284209132194519,0.5107993483543396,0.0,0.16509971022605896,0.4844852387905121,0.020069487392902374,0.06732834875583649,0.06978355348110199,0.03871086984872818,ifhtqjlg_6.png,0,angry
0.37361940741539,0.11711645871400833,0.558957040309906,0.3010491728782654,0.18011383712291718,0.0,0.28817784786224365,0.0030408042948693037,0.0,0.05459166318178177,0.3408310115337372,0.5363538265228271,0.37924924492836,1.0,0.5355122685432434,0.25414445996284485,0.9550671577453613,0.6520105600357056,0.13515591621398926,0.10316362231969833,iadkxdyw_6.png,0,angry
0.4334621727466583,0.5338435769081116,0.6610127687454224,0.6932729482650757,0.07208582013845444,0.0,0.14280018210411072,0.19143418967723846,0.0,0.10180044919252396,0.2338302582502365,0.626830518245697,0.35150089859962463,1.0,0.6149904131889343,0.03537649288773537,0.999972939491272,0.9130060076713562,0.21587234735488892,0.07652830332517624,qwlljvoa_6.png,0,angry
0.47584906220436096,0.08177659660577774,0.9684979319572449,0.24225680530071259,0.43120214343070984,1.0,0.5988630652427673,0.032568417489528656,0.0,0.09232176840305328,0.13887034356594086,0.16446708142757416,0.25595152378082275,1.0,0.2998024523258209,0.006536545697599649,0.9999161958694458,0.8827114105224609,0.11113666743040085,0.9604417681694031,mdzzspak_6.png,0,angry
0.2288220226764679,0.062364544719457626,0.24952057003974915,0.48013150691986084,0.07966186106204987,0.0,0.09020121395587921,0.11764724552631378,0.0,0.03207484260201454,0.23849645256996155,0.15779787302017212,0.4912697672843933,0.0,0.4802303612232208,0.3596673607826233,0.4112939238548279,0.3529123365879059,0.1700449138879776,0.035549454391002655,mdqsejgt_6.png,0,angry
0.48343250155448914,0.20152223110198975,0.6083686351776123,0.3282354176044464,0.06600092351436615,0.0,0.14847412705421448,0.1888643503189087,0.0,0.02921062521636486,0.32748132944107056,0.4066573679447174,0.5379256010055542,0.0,0.3821141719818115,0.5723543167114258,0.020448196679353714,0.23684565722942352,0.4169767498970032,0.057678963989019394,ubczmndf_6.png,0,angry
0.40926244854927063,0.20874454081058502,0.682776927947998,0.35750147700309753,0.1721104085445404,0.0,0.1529412418603897,0.08438263088464737,1.0,0.18423105776309967,0.26368603110313416,0.33372458815574646,0.36304736137390137,1.0,0.4383125603199005,0.06021162122488022,0.9989035129547119,0.7841440439224243,0.038160208612680435,0.05976581946015358,ohpqurdq_6.png,0,angry
0.4981394112110138,0.40490224957466125,0.5664661526679993,0.25040701031684875,0.08989506959915161,0.0,0.1684512048959732,0.041477929800748825,1.0,0.047796860337257385,0.20465496182441711,0.565735399723053,0.3305400311946869,1.0,0.6054180264472961,0.08951635658740997,0.9221159815788269,0.7097015380859375,0.21128538250923157,0.37207379937171936,niaizaui_6.png,0,angry
0.5427742004394531,0.2936946749687195,0.856102466583252,0.44169020652770996,0.3057540953159332,0.0,0.3087122440338135,0.125566303730011,0.0,0.1478731781244278,0.1316467672586441,0.31130075454711914,0.21352939307689667,1.0,0.2970477044582367,0.007860451005399227,0.9999526739120483,0.9451929330825806,0.09125702828168869,0.08510001003742218,lkknkhaa_6.png,0,angry
0.42331990599632263,0.4394349753856659,0.6832461357116699,0.5882315635681152,0.07281465828418732,0.0,0.27219438552856445,0.8933189511299133,0.0,0.04250448942184448,0.11828438192605972,0.23958276212215424,0.19441300630569458,1.0,0.3843836188316345,0.0046038259752094746,0.9999494552612305,0.9808976054191589,0.05506008863449097,0.06541972607374191,etgapztf_6.png,0,angry
0.577783465385437,0.27064988017082214,0.7527090311050415,0.4679732620716095,0.21529093384742737,0.0,0.10930625349283218,0.1664755940437317,0.0,0.01616871915757656,0.0869666039943695,0.09833550453186035,0.366687536239624,1.0,0.3758566677570343,0.024425100535154343,0.9993056058883667,0.7013845443725586,0.18350030481815338,0.11201227456331253,amzejdso_6.png,0,angry
0.8192377686500549,0.3359268009662628,0.9329654574394226,0.3406009078025818,0.6360890865325928,1.0,0.7410202026367188,0.9143317341804504,0.0,0.6383199691772461,0.38653433322906494,0.3214378356933594,0.22387610375881195,1.0,0.3367786407470703,0.014707710593938828,0.9999426603317261,0.8685425519943237,0.09012528508901596,0.7742123603820801,ijokllkk_6.png,0,angry
0.364202618598938,0.13578051328659058,0.8072662353515625,0.3851621448993683,0.3836539685726166,1.0,0.3334662616252899,0.7853604555130005,1.0,0.23117764294147491,0.12556983530521393,0.2794340252876282,0.21404385566711426,1.0,0.5211563110351562,0.009017547592520714,0.9999402761459351,0.9124143719673157,0.1688690185546875,0.10345091670751572,ltdbqyxl_6.png,0,angry
0.200924813747406,0.140328511595726,0.575613260269165,0.5109760165214539,0.08684389293193817,0.0,0.199698805809021,0.7775246500968933,0.0,0.04583435878157616,0.25379452109336853,0.13559383153915405,0.25341323018074036,1.0,0.24125194549560547,0.008186333812773228,0.9999505281448364,0.8425902128219604,0.015408651903271675,0.09695913642644882,hfimvdaw_6.png,0,angry
0.45252159237861633,0.4278753697872162,0.5847400426864624,0.7087835073471069,0.1553369015455246,0.0,0.1413293331861496,0.12243305891752243,1.0,0.031457819044589996,0.08203433454036713,0.27362704277038574,0.5219168066978455,0.0,0.5278561115264893,0.5538966059684753,0.8007559180259705,0.07932917773723602,0.48546484112739563,0.06178642064332962,kiksjruh_6.png,0,angry
0.6054114103317261,0.28732094168663025,0.7048566937446594,0.43939316272735596,0.14522899687290192,0.0,0.13395419716835022,0.8057795166969299,0.0,0.04532608017325401,0.1571187824010849,0.385170578956604,0.3094904124736786,1.0,0.450884073972702,0.0537518709897995,0.969524621963501,0.7362818717956543,0.02182275429368019,0.0997043326497078,eqzopyva_6.png,0,angry
0.2970362901687622,0.17633453011512756,0.961844801902771,0.385562002658844,0.5558833479881287,1.0,0.5576043725013733,0.2730735242366791,1.0,0.28214287757873535,0.16451001167297363,0.8522950410842896,0.4136253297328949,1.0,0.430561363697052,0.06853078305721283,0.9999099969863892,0.8067395687103271,0.03823631629347801,0.7664417624473572,psfsescl_6.png,0,angry
0.49759441614151,0.4185449779033661,0.4525112211704254,0.46503549814224243,0.11767375469207764,0.0,0.1140790581703186,0.03595977649092674,1.0,0.07199621945619583,0.06626106798648834,0.6394537091255188,0.606094479560852,1.0,0.5662265419960022,0.13144010305404663,0.9718566536903381,0.7599566578865051,0.1500907838344574,0.05217090994119644,xqbkxxlg_6.png,0,angry
0.4344993233680725,0.14092040061950684,0.5729033350944519,0.2741977274417877,0.2540401220321655,1.0,0.40783247351646423,0.833184003829956,0.0,0.21059806644916534,0.11501198261976242,0.20131470263004303,0.2015383392572403,1.0,0.4742918312549591,0.033914294093847275,0.9998886585235596,0.9622104167938232,0.006176834926009178,0.7084957361221313,mxxflnvs_6.png,0,angry
0.40598997473716736,0.15125319361686707,0.3309285640716553,0.43118587136268616,0.08797430992126465,0.0,0.1294759213924408,0.02748268097639084,0.0,0.03417087346315384,0.14053930342197418,0.126095250248909,0.42494696378707886,0.0,0.35400915145874023,0.08945658802986145,0.996679425239563,0.8005826473236084,0.20438803732395172,0.0542723722755909,xsmdgsdz_6.png,0,angry
0.36856961250305176,0.38939550518989563,0.3372362554073334,0.38192686438560486,0.09684448689222336,0.0,0.1391189694404602,0.11667400598526001,1.0,0.03934898227453232,0.17967426776885986,0.3863975703716278,0.29181376099586487,0.0,0.20486533641815186,0.02549479715526104,0.9964749217033386,0.5943320989608765,0.10263040661811829,0.06807468831539154,owyrcnuw_6.png,0,angry
0.18345242738723755,0.2389969378709793,0.5582289695739746,0.40411508083343506,0.09442796558141708,1.0,0.0925760343670845,0.0040087453089654446,0.0,0.01873193494975567,0.145333394408226,0.2079436480998993,0.446123331785202,0.0,0.38983434438705444,0.03695385903120041,0.9956275224685669,0.5490824580192566,0.06285807490348816,0.06324876844882965,rbvgzbhg_6.png,0,angry
0.7192471027374268,0.6139056086540222,0.48283737897872925,0.48371362686157227,0.13590006530284882,0.0,0.11601448059082031,0.8713428974151611,0.0,0.02939322032034397,0.12196743488311768,0.2096283733844757,0.27985233068466187,1.0,0.5323578119277954,0.07602404803037643,0.9979446530342102,0.7054316997528076,0.1088789701461792,0.02901362255215645,nnwotpxb_6.png,0,angry
0.5493981242179871,0.09043380618095398,0.8871414065361023,0.25426962971687317,0.6158164739608765,1.0,0.794767439365387,0.34526702761650085,1.0,0.397246778011322,0.17278966307640076,0.41237229108810425,0.39381489157676697,1.0,0.39625582098960876,0.16102097928524017,0.9850688576698303,0.7956656813621521,0.016174059361219406,0.8495998978614807,wvnfmkrr_6.png,0,angry
0.38014528155326843,0.1376424878835678,0.5808892846107483,0.4633767306804657,0.0873226597905159,0.0,0.10191227495670319,0.0006481609889306128,1.0,0.017804421484470367,0.16841846704483032,0.1786314696073532,0.46650007367134094,0.0,0.36840173602104187,0.1720917820930481,0.9454503059387207,0.4152321517467499,0.22112269699573517,0.08873248100280762,bqumbknm_6.png,0,angry
0.5716319680213928,0.18155358731746674,0.88409823179245,0.3905066251754761,0.1926104873418808,0.0,0.2487345039844513,0.9506076574325562,0.0,0.028334902599453926,0.10494163632392883,0.54837566614151,0.27343329787254333,1.0,0.5028359889984131,0.0140171367675066,0.9994611144065857,0.9655004739761353,0.07347368448972702,0.0999096930027008,pjhpxeql_6.png,0,angry
0.38702329993247986,0.06927239149808884,0.9242472648620605,0.45910969376564026,0.1511438935995102,0.0,0.13268423080444336,0.26974695920944214,0.0,0.02184203453361988,0.1683565378189087,0.18381622433662415,0.43221211433410645,1.0,0.3259061276912689,0.08871200680732727,0.9970381259918213,0.8223345279693604,0.07435977458953857,0.057760242372751236,sgidfyzm_6.png,0,angry
0.5817684531211853,0.3898012936115265,0.44333183765411377,0.2995217442512512,0.11991434544324875,0.0,0.1875070184469223,0.3766927123069763,1.0,0.11939956247806549,0.37828052043914795,0.23221811652183533,0.3609214723110199,1.0,0.6064621806144714,0.12028814107179642,0.9974387884140015,0.5133131146430969,0.14690735936164856,0.0870511457324028,pqpgavlf_6.png,0,angry
0.6200531125068665,0.49879419803619385,0.8214978575706482,0.37817224860191345,0.14729216694831848,0.0,0.23939435184001923,0.03840980306267738,0.0,0.026006393134593964,0.12338465452194214,0.354711651802063,0.2658486068248749,1.0,0.44129645824432373,0.02491944096982479,0.999874472618103,0.9647573828697205,0.2933535575866699,0.10842137038707733,qfbgdbwa_6.png,0,angry
0.23819220066070557,0.15405547618865967,0.7156355381011963,0.4760194420814514,0.2623596489429474,0.0,0.13502781093120575,0.08979582786560059,0.0,0.04678235948085785,0.2940819561481476,0.037228360772132874,0.31201860308647156,1.0,0.15509499609470367,0.011076578870415688,0.998965859413147,0.6780688762664795,0.008620794862508774,0.05354049429297447,rmsnclox_6.png,0,angry
0.6176228523254395,0.12976396083831787,0.9457370042800903,0.34769588708877563,0.47992372512817383,1.0,0.6431882381439209,0.4071276783943176,0.0,0.13434799015522003,0.34256303310394287,0.3596186339855194,0.347354531288147,1.0,0.5243401527404785,0.07589920610189438,0.9984354376792908,0.3862866461277008,0.21111366152763367,0.500750720500946,aaaaaaaa_6.png,0,angry
0.3569825291633606,0.4812929034233093,0.6525842547416687,0.623206377029419,0.13037359714508057,0.0,0.14619536697864532,0.722923755645752,1.0,0.05735065042972565,0.12207964062690735,0.35669004917144775,0.22256949543952942,1.0,0.426423579454422,0.029598308727145195,0.9998027682304382,0.9190820455551147,0.04897131398320198,0.02124873548746109,fcjnjthf_6.png,0,angry
0.30535730719566345,0.18090644478797913,0.2352064549922943,0.3427150845527649,0.06121387332677841,0.0,0.1266714483499527,0.0007620651740580797,1.0,0.021781135350465775,0.35187992453575134,0.07131553441286087,0.3893071413040161,0.0,0.2469712644815445,0.3162830173969269,0.1166849359869957,0.1874324381351471,0.022237975150346756,0.05559875816106796,aawkxnwq_6.png,0,angry
0.3187381625175476,0.3650597929954529,0.3945394456386566,0.6177902221679688,0.07509870082139969,0.0,0.11422953009605408,0.02070752903819084,1.0,0.07304631918668747,0.16642913222312927,0.32682114839553833,0.2703081965446472,1.0,0.30957096815109253,0.1335231065750122,0.9937058091163635,0.5118499994277954,0.03105124644935131,0.03361647203564644,xaoevfqa_6.png,0,angry
0.48662132024765015,0.15995553135871887,0.40300482511520386,0.5084661245346069,0.05823928117752075,0.0,0.12311059236526489,0.14944539964199066,1.0,0.032798875123262405,0.2858906388282776,0.13956835865974426,0.3250037729740143,0.0,0.37964579463005066,0.44192373752593994,0.9909049868583679,0.09634455293416977,0.12535139918327332,0.04522518813610077,mjuoeoyf_6.png,0,angry
0.5832592248916626,0.12873545289039612,0.5298640727996826,0.567255973815918,0.052525293081998825,1.0,0.13793723285198212,0.024263648316264153,1.0,0.019177693873643875,0.33227092027664185,0.15602315962314606,0.3734106719493866,0.0,0.345885306596756,0.2906966209411621,0.4845215082168579,0.24931463599205017,0.07876738905906677,0.03506409749388695,lcgcjnlr_6.png,0,angry
0.3785110414028168,0.21473483741283417,0.8701238036155701,0.4570522904396057,0.1906513273715973,0.0,0.18643376231193542,0.09729045629501343,1.0,0.02946767956018448,0.0846695825457573,0.15080192685127258,0.3134671449661255,1.0,0.18231457471847534,0.017329838126897812,0.9999388456344604,0.7340922951698303,0.023142999038100243,0.1508757621049881,nouprybs_6.png,0,angry
0.22778670489788055,0.21204723417758942,0.8069301843643188,0.38407376408576965,0.2844964861869812,0.0,0.1855333298444748,0.035777799785137177,1.0,0.05059510096907616,0.14198419451713562,0.24099954962730408,0.28607141971588135,1.0,0.20326313376426697,0.014638741500675678,0.9998853206634521,0.8508841395378113,0.0343012772500515,0.23452016711235046,uuuuuuuu_6.png,0,angry
0.44128671288490295,0.1417328119277954,0.8725639581680298,0.45850130915641785,0.22670991718769073,0.0,0.1907358020544052,0.9743404984474182,0.0,0.019329600036144257,0.1001129150390625,0.16949249804019928,0.22529758512973785,1.0,0.37166860699653625,0.03323495760560036,0.9997515082359314,0.8764222264289856,0.00913782138377428,0.06866681575775146,xknfnaxg_6.png,0,angry
0.26428258419036865,0.19184263050556183,0.29494309425354004,0.3831803798675537,0.08440574258565903,0.0,0.1225692480802536,0.06386086344718933,0.0,0.09653787314891815,0.13710099458694458,0.2192506343126297,0.3691574037075043,0.0,0.3592681884765625,0.07014620304107666,0.9623193740844727,0.7362539172172546,0.08793062716722488,0.03721959516406059,llwbmpir_6.png,0,angry
0.42427924275398254,0.29690051078796387,0.5663487911224365,0.6571874022483826,0.15794870257377625,0.0,0.2167375236749649,0.9556077718734741,0.0,0.054790616035461426,0.25369787216186523,0.4623852074146271,0.2853190302848816,1.0,0.35453641414642334,0.01378896925598383,0.999963641166687,0.9536479711532593,0.5082249045372009,0.11409559100866318,lkenkkli_6.png,0,angry
0.4190613627433777,0.3870287537574768,0.7244499325752258,0.37348297238349915,0.08735363185405731,0.0,0.13984452188014984,0.5537164211273193,0.0,0.02878505177795887,0.36288511753082275,0.8075636029243469,0.6354449987411499,0.0,0.7567726373672485,0.7331070303916931,0.0034023600164800882,0.5539492964744568,0.42629238963127136,0.03527144715189934,tdmnotza_6.png,0,angry
0.45059189200401306,0.14279569685459137,0.8536337614059448,0.5822760462760925,0.10860873013734818,0.0,0.1037168800830841,0.6633239388465881,0.0,0.047939687967300415,0.19266949594020844,0.3658706247806549,0.2650822401046753,1.0,0.4095380902290344,0.09112084656953812,0.9977313876152039,0.39656126499176025,0.07944084703922272,0.11640877276659012,gfozfppn_6.png,0,angry
0.48363497853279114,0.1550331860780716,0.6056640148162842,0.3761872351169586,0.1639670729637146,0.0,0.15560047328472137,0.1988564133644104,0.0,0.03041653521358967,0.10916449129581451,0.1755618005990982,0.4056737720966339,1.0,0.26430055499076843,0.016551848500967026,0.9992450475692749,0.6934558749198914,0.06504086405038834,0.08242582529783249,pffwcbbq_6.png,0,angry
0.5322993993759155,0.371009886264801,0.7261107563972473,0.5560360550880432,0.109086774289608,0.0,0.09200908988714218,0.0047489372082054615,0.0,0.02118629403412342,0.13659381866455078,0.15578387677669525,0.5091246366500854,0.0,0.2739115059375763,0.1135728657245636,0.6591456532478333,0.1308785080909729,0.07011464983224869,0.04237020015716553,opfbfcjz_6.png,0,angry
0.44006723165512085,0.16728107631206512,0.753892719745636,0.35182592272758484,0.21265707910060883,0.0,0.297884076833725,0.5710294246673584,0.0,0.043150100857019424,0.15487906336784363,0.6076874136924744,0.18408077955245972,1.0,0.5641220808029175,0.006281547248363495,0.9999254941940308,0.9676582217216492,0.02976340614259243,0.12023089826107025,ijoikokkk_6.png,0,angry
0.42654916644096375,0.2144879847764969,0.9161142110824585,0.34219834208488464,0.18817593157291412,0.0,0.4153479039669037,0.010570518672466278,1.0,0.08692220598459244,0.07263227552175522,0.06105901673436165,0.21978016197681427,1.0,0.1953134834766388,0.013779239729046822,0.9999475479125977,0.8761633038520813,0.041971027851104736,0.23922504484653473,nggqgmkx_6.png,0,angry
0.22448256611824036,0.15739938616752625,0.5478348135948181,0.49536535143852234,0.15991301834583282,0.0,0.12377995252609253,0.6386815905570984,0.0,0.049461375921964645,0.1704367995262146,0.2667711079120636,0.2928347885608673,1.0,0.5335033535957336,0.032366957515478134,0.9991177916526794,0.8010615706443787,0.07370903342962265,0.025475190952420235,vzgheggd_6.png,0,angry
0.3529869019985199,0.1646369844675064,0.5172410011291504,0.43053746223449707,0.08684170246124268,0.0,0.13337627053260803,0.06482764333486557,0.0,0.027477692812681198,0.07651880383491516,0.1638680100440979,0.3597346246242523,0.0,0.11052347719669342,0.1273583322763443,0.6737492680549622,0.09164214134216309,0.1020946130156517,0.03119640238583088,auegnaxc_6.png,0,angry
0.28480225801467896,0.11280960589647293,0.5866702795028687,0.39397019147872925,0.24651917815208435,0.0,0.21385356783866882,0.9867795705795288,1.0,0.13312958180904388,0.23305480182170868,0.11749359220266342,0.24311552941799164,1.0,0.43721646070480347,0.01910080760717392,0.9997652173042297,0.9220864772796631,0.11653110384941101,0.08485274016857147,yyuijhnm_6.png,0,angry
0.564070463180542,0.19706611335277557,0.7764044404029846,0.3075070083141327,0.25316721200942993,1.0,0.26567715406417847,0.8694950938224792,0.0,0.022272564470767975,0.15454179048538208,0.5343932509422302,0.3058120608329773,1.0,0.3464410603046417,0.015510656870901585,0.9971760511398315,0.6883261203765869,0.12549637258052826,0.029593762010335922,odufbtqf_6.png,0,angry
0.5302780270576477,0.21477846801280975,0.8898338675498962,0.48163390159606934,0.19043295085430145,0.0,0.32666704058647156,0.5178139805793762,0.0,0.09964421391487122,0.21958093345165253,0.07735824584960938,0.20958906412124634,1.0,0.21206550300121307,0.007176114246249199,0.9999444484710693,0.9214643836021423,0.0710417851805687,0.11067357659339905,plllkkkkk_6.png,0,angry
0.495675265789032,0.12644751369953156,0.948247492313385,0.26019415259361267,0.41211435198783875,1.0,0.7845579385757446,0.873238205909729,1.0,0.10795211046934128,0.3212791681289673,0.4394069314002991,0.25946128368377686,1.0,0.40412265062332153,0.013852824456989765,0.9991726279258728,0.7816986441612244,0.20488154888153076,0.8021503686904907,qqqqqqqq_6.png,0,angry
0.3796980381011963,0.24313007295131683,0.41791075468063354,0.48247668147087097,0.2330096960067749,1.0,0.2880997657775879,0.1659815013408661,1.0,0.128385990858078,0.19448065757751465,0.48792967200279236,0.40320801734924316,0.0,0.33452147245407104,0.12123064696788788,0.99892657995224,0.5606750845909119,0.05157237872481346,0.09415165334939957,rosednis_6.png,0,angry
0.42988643050193787,0.2533693313598633,0.8835926055908203,0.5033814907073975,0.25630077719688416,0.0,0.1967766135931015,0.7816553711891174,1.0,0.029347369447350502,0.09757891297340393,0.16381776332855225,0.2937980890274048,1.0,0.28566938638687134,0.017880169674754143,0.9998949766159058,0.8253396153450012,0.12912896275520325,0.08143085241317749,hpesavhc_6.png,0,angry
0.2605835199356079,0.26717865467071533,0.7206939458847046,0.485347718000412,0.060508668422698975,0.0,0.1056646779179573,0.49478858709335327,0.0,0.11723540723323822,0.21906805038452148,0.18846356868743896,0.31421807408332825,0.0,0.5444825291633606,0.3188750743865967,0.9030166268348694,0.28425151109695435,0.14115488529205322,0.0442989245057106,fvmwdcgx_6.png,0,angry
0.38948971033096313,0.23629765212535858,0.3863224387168884,0.28778305649757385,0.1043560579419136,0.0,0.42520514130592346,0.1353798508644104,1.0,0.02609199471771717,0.32647737860679626,0.3419490456581116,0.2981713116168976,0.0,0.5588534474372864,0.21322298049926758,0.006067595910280943,0.13144493103027344,0.3296964168548584,0.5297839045524597,yroedhrb_6.png,0,angry
0.4215399920940399,0.08757022023200989,0.8767040967941284,0.2541971206665039,0.5636924505233765,1.0,0.6826369166374207,0.3605385422706604,1.0,0.23057565093040466,0.12087436020374298,0.5507590770721436,0.3822327256202698,1.0,0.4663510024547577,0.04836435988545418,0.9999887943267822,0.7513012290000916,0.07389475405216217,0.7417370080947876,dpfmgrks_6.png,0,angry
0.37645262479782104,0.4347293972969055,0.46605774760246277,0.3984169363975525,0.08061183243989944,0.0,0.1191161647439003,0.002024309942498803,0.0,0.02731599658727646,0.22552935779094696,0.4373393952846527,0.30575886368751526,0.0,0.2559143900871277,0.3162972629070282,0.5379709601402283,0.21710439026355743,0.40916869044303894,0.045297179371118546,vuiyhrqg_6.png,0,angry
0.5914023518562317,0.5455946326255798,0.8788410425186157,0.25846558809280396,0.24487395584583282,1.0,0.5207419991493225,0.9870102405548096,1.0,0.045997072011232376,0.3973788917064667,0.4563401937484741,0.31871941685676575,1.0,0.4356171488761902,0.03871093690395355,0.9981132745742798,0.7576006054878235,0.09781359136104584,0.3789418935775757,enhvlrto_6.png,0,angry
0.4666372537612915,0.14257964491844177,0.9690437912940979,0.28031623363494873,0.5065146684646606,0.0,0.3725265562534332,0.8450947403907776,1.0,0.405678391456604,0.28382784128189087,0.834360659122467,0.33212125301361084,1.0,0.4034927189350128,0.022559551522135735,0.9984278678894043,0.8813608288764954,0.030483994632959366,0.08053389191627502,fckrphgz_6.png,0,angry
0.4584362804889679,0.17645812034606934,0.5688057541847229,0.5613394975662231,0.18082530796527863,0.0,0.10717401653528214,0.08800515532493591,0.0,0.13053986430168152,0.11376148462295532,0.13059671223163605,0.24663874506950378,1.0,0.25070860981941223,0.01373237743973732,0.9996058344841003,0.7393637895584106,0.4362257122993469,0.037362370640039444,hvfafkfu_6.png,0,angry
0.5914174318313599,0.23860399425029755,0.8451098799705505,0.4727054238319397,0.12772038578987122,0.0,0.26453837752342224,0.14495711028575897,0.0,0.05197736993432045,0.22721214592456818,0.11205529421567917,0.21362870931625366,1.0,0.3581283986568451,0.010357476770877838,0.9999315738677979,0.9762869477272034,0.3369487524032593,0.05097251385450363,ekdjgldk_6.png,0,angry
0.20527735352516174,0.11967016011476517,0.7916524410247803,0.4736643433570862,0.08405034244060516,0.0,0.1586359292268753,0.3902098834514618,0.0,0.07617940753698349,0.24971874058246613,0.24428075551986694,0.29651951789855957,1.0,0.22782199084758759,0.061256296932697296,0.9997279047966003,0.9116008281707764,0.12457682937383652,0.04340984299778938,bjaqkgtt_6.png,0,angry
0.4717448353767395,0.18316836655139923,0.7422305941581726,0.3641270399093628,0.09769635647535324,0.0,0.09874964505434036,0.0183928944170475,0.0,0.02379640005528927,0.464202344417572,0.6500676274299622,0.4798189699649811,0.0,0.41124823689460754,0.3891891539096832,0.08907070010900497,0.15720154345035553,0.04502057284116745,0.03663709759712219,pwxsuwuo_6.png,0,angry
0.43849438428878784,0.2664405107498169,0.9152582287788391,0.3090904951095581,0.37505948543548584,1.0,0.6958634257316589,0.808747410774231,0.0,0.43530455231666565,0.2292531132698059,0.29487013816833496,0.19966687262058258,1.0,0.39498189091682434,0.007780999876558781,0.9999707937240601,0.9435707330703735,0.04979247227311134,0.8667268753051758,ssssssss_6.png,0,angry
0.5756950378417969,0.2622721791267395,0.6443482637405396,0.3481834828853607,0.07326248288154602,0.0,0.20957352221012115,0.05292863771319389,1.0,0.0290431659668684,0.19917255640029907,0.5228034257888794,0.3522059917449951,1.0,0.5245597958564758,0.13218949735164642,0.9784278869628906,0.7015896439552307,0.2500893473625183,0.07581228017807007,zsjxfhcl_6.png,0,angry
0.3907541334629059,0.29229485988616943,0.7288809418678284,0.5690338611602783,0.16625678539276123,0.0,0.16333553194999695,0.44909021258354187,0.0,0.045431580394506454,0.13168981671333313,0.08229325711727142,0.3543541133403778,1.0,0.3489696681499481,0.017709411680698395,0.999614953994751,0.5314429998397827,0.05613524094223976,0.052847616374492645,itthwraq_6.png,0,angry
0.43352368474006653,0.2243080586194992,0.8706893920898438,0.27256184816360474,0.3915679156780243,0.0,0.3828418254852295,0.0824676901102066,0.0,0.24170951545238495,0.16899356245994568,0.3945673406124115,0.30965760350227356,1.0,0.21997703611850739,0.06395509839057922,0.9999587535858154,0.9095450043678284,0.055654365569353104,0.7284755110740662,daqasxqt_6.png,0,angry
0.556911826133728,0.15089906752109528,0.7261416912078857,0.3325517475605011,0.11441595107316971,1.0,0.14688797295093536,0.004070321563631296,0.0,0.03171229362487793,0.2280663251876831,0.2493710219860077,0.5158651471138,0.0,0.5436244606971741,0.437723845243454,0.01546560786664486,0.09217143803834915,0.11927414685487747,0.10077378898859024,daktemmq_6.png,0,angry
0.3632575571537018,0.2059333175420761,0.5799285769462585,0.5294948816299438,0.10435973107814789,0.0,0.0892878919839859,0.0033662652131170034,1.0,0.015259766951203346,0.09686054289340973,0.33438897132873535,0.4295082092285156,0.0,0.2525344491004944,0.05270397290587425,0.9255212545394897,0.17854277789592743,0.06603281944990158,0.03624476492404938,mfqjolns_6.png,0,angry
0.37490516901016235,0.17484581470489502,0.6655253767967224,0.6644837856292725,0.04664868116378784,1.0,0.1417853981256485,0.016055528074502945,1.0,0.061980269849300385,0.2507689893245697,0.24525219202041626,0.2870992124080658,0.0,0.20918267965316772,0.04158671200275421,0.9993657469749451,0.2323228120803833,0.07981163263320923,0.060756612569093704,ofmwwhgw_6.png,0,angry
0.4166581332683563,0.2654551863670349,0.4167783856391907,0.3837202489376068,0.1951470822095871,0.0,0.1633611023426056,0.18172498047351837,0.0,0.09710454940795898,0.10853158682584763,0.3737848699092865,0.34113678336143494,1.0,0.21521134674549103,0.024505220353603363,0.9998422861099243,0.8830312490463257,0.04606630653142929,0.14502973854541779,unfbslwy_6.png,0,angry
0.294790655374527,0.16471827030181885,0.5825859308242798,0.5070965886116028,0.049671024084091187,0.0,0.17976519465446472,0.17806021869182587,0.0,0.029916906729340553,0.15641462802886963,0.2658017575740814,0.2085960954427719,0.0,0.2263011783361435,0.07310112565755844,0.9123979806900024,0.34216228127479553,0.13088154792785645,0.03779596835374832,mjkihthz_6.png,0,angry
0.5363985896110535,0.2030513435602188,0.8600796461105347,0.3002513647079468,0.28707167506217957,1.0,0.3074687719345093,0.9986481070518494,0.0,0.03387361019849777,0.09075199067592621,0.09742580354213715,0.3506951332092285,1.0,0.3252487778663635,0.012552442029118538,0.9994682669639587,0.6416296362876892,0.04875246435403824,0.05362733453512192,svtrvxvn_6.png,0,angry
0.40617161989212036,0.11233923584222794,0.8818640112876892,0.35944536328315735,0.21912112832069397,1.0,0.27296337485313416,0.9687322378158569,0.0,0.19963358342647552,0.3096814751625061,0.5189167857170105,0.1982021927833557,1.0,0.2706119418144226,0.008622144348919392,0.9999709129333496,0.9242483973503113,0.04379011690616608,0.06522754579782486,tbfslcdl_6.png,0,angry
0.24273766577243805,0.08373052626848221,0.2351454198360443,0.519483208656311,0.083582304418087,0.0,0.13371345400810242,0.007325170561671257,0.0,0.019050952047109604,0.17598474025726318,0.07759120315313339,0.3072874844074249,0.0,0.28324025869369507,0.27551937103271484,0.282970666885376,0.04558654502034187,0.202484130859375,0.0363631434738636,lyotpuje_6.png,0,angry
0.4071410894393921,0.36938807368278503,0.8238939642906189,0.3898632824420929,0.21759460866451263,0.0,0.3192511200904846,0.8792198300361633,0.0,0.05352664366364479,0.08533350378274918,0.06777233630418777,0.3049597144126892,1.0,0.3572962284088135,0.014992437325417995,0.999748170375824,0.8533879518508911,0.0871196910738945,0.3408453166484833,susggkub_6.png,0,angry
0.3822920322418213,0.1713397353887558,0.8231802582740784,0.514589250087738,0.07678406685590744,0.0,0.1772918403148651,0.14321240782737732,1.0,0.0157555490732193,0.0931030660867691,0.2220897227525711,0.5215994715690613,0.0,0.2582058310508728,0.22423039376735687,0.6088126301765442,0.11802731454372406,0.22048816084861755,0.0424761101603508,suuddgdv_6.png,0,angry
0.3606964647769928,0.19428732991218567,0.700041651725769,0.4109020531177521,0.10417596995830536,0.0,0.194266214966774,0.7269169092178345,0.0,0.11349505186080933,0.07735933363437653,0.21078620851039886,0.2612318992614746,1.0,0.4285835325717926,0.004871830809861422,0.9999120235443115,0.9769944548606873,0.056147873401641846,0.06270285695791245,ncuzfxfo_6.png,0,angry
0.4977389872074127,0.12453967332839966,0.7821798324584961,0.376659095287323,0.10047855228185654,0.0,0.1499156355857849,0.014324966818094254,0.0,0.0508992038667202,0.07702257484197617,0.12603691220283508,0.3540527820587158,0.0,0.19165919721126556,0.017655979841947556,0.9907220602035522,0.6630542278289795,0.04765530303120613,0.05770561471581459,orzmiwzt_6.png,0,angry
0.8123158812522888,0.3778628408908844,0.7804491519927979,0.5615282654762268,0.07517635077238083,0.0,0.08886610716581345,0.11665979027748108,0.0,0.17374113202095032,0.1881994754076004,0.29956698417663574,0.4130784571170807,1.0,0.5186858177185059,0.02271788939833641,0.99983811378479,0.9765573143959045,0.13375437259674072,0.03125687316060066,uvxmtvoo_6.png,0,angry
0.5488283038139343,0.3489972949028015,0.73720782995224,0.5068619847297668,0.1417447179555893,0.0,0.12294738739728928,0.05779232829809189,0.0,0.03427733853459358,0.10854094475507736,0.22699211537837982,0.2734638452529907,1.0,0.2956482172012329,0.09671252220869064,0.9750736951828003,0.44446781277656555,0.12515105307102203,0.03941761702299118,edkagdnv_6.png,0,angry
0.5360606908798218,0.13704156875610352,0.7982293367385864,0.4772563576698303,0.06650859117507935,0.0,0.10892240703105927,0.522763192653656,0.0,0.026469344273209572,0.1989140510559082,0.24359384179115295,0.40486907958984375,0.0,0.4562235474586487,0.17266570031642914,0.6759751439094543,0.1698213666677475,0.09987818449735641,0.01843489706516266,fohpqsuv_6.png,0,angry
0.3187915086746216,0.3715417981147766,0.7165831923484802,0.40861544013023376,0.22326846420764923,0.0,0.16122271120548248,0.06539838016033173,0.0,0.03522409126162529,0.11878194659948349,0.26942381262779236,0.2003229260444641,1.0,0.2974438965320587,0.009389325976371765,0.9999873638153076,0.9390954375267029,0.30647480487823486,0.10739107429981232,sdlkniio_6.png,0,angry
0.4753485918045044,0.16961896419525146,0.6986383199691772,0.6219052672386169,0.1584976762533188,0.0,0.12586893141269684,0.26732736825942993,0.0,0.018237121403217316,0.09459858387708664,0.12020871043205261,0.2674066722393036,1.0,0.32302501797676086,0.013579831458628178,0.9999322891235352,0.9362897872924805,0.04818568006157875,0.13867200911045074,poqlwmaq_6.png,0,angry
0.4672373831272125,0.1078985333442688,0.9739952087402344,0.23521648347377777,0.6209929585456848,1.0,0.6468878984451294,0.6493481397628784,1.0,0.21423104405403137,0.15655900537967682,0.25310200452804565,0.330818235874176,1.0,0.3030278980731964,0.03388394042849541,0.9995669722557068,0.8520810008049011,0.023910904303193092,0.7626965641975403,pfzyhgkf_6.png,0,angry
0.3870562016963959,0.09103517234325409,0.8907038569450378,0.238857701420784,0.38760435581207275,1.0,0.2327057123184204,0.05630955472588539,1.0,0.08647776395082474,0.09267446398735046,0.23166853189468384,0.3061824440956116,1.0,0.26802515983581543,0.013544993475079536,0.9996342658996582,0.9287429451942444,0.012992387637495995,0.7517626285552979,ksgkyswo_6.png,0,angry
0.33198291063308716,0.1658029556274414,0.7636486887931824,0.6359903216362,0.11281919479370117,0.0,0.17173565924167633,0.23847879469394684,1.0,0.019949166104197502,0.23017308115959167,0.13809305429458618,0.2691850960254669,1.0,0.32403671741485596,0.01819944940507412,0.9997132420539856,0.8616852760314941,0.2149379402399063,0.15120598673820496,pqvdqlzb_6.png,0,angry
0.36599990725517273,0.34638020396232605,0.41102099418640137,0.5440112352371216,0.1464911848306656,0.0,0.15105938911437988,0.0005893657798878849,1.0,0.034244365990161896,0.0904419869184494,0.3216712176799774,0.3466803729534149,1.0,0.3068072199821472,0.040495146065950394,0.9992627501487732,0.7308117747306824,0.045035820454359055,0.06686816364526749,teiecgvq_6.png,0,angry
0.45012468099594116,0.2618575692176819,0.4972189664840698,0.5245615243911743,0.10152330994606018,0.0,0.1318551003932953,0.008127056993544102,0.0,0.2054794430732727,0.15655428171157837,0.1706688553094864,0.2834852337837219,1.0,0.3658311367034912,0.014692425727844238,0.9996672868728638,0.947095513343811,0.16189192235469818,0.022794021293520927,rllljesa_6.png,0,angry
0.4939521849155426,0.20858147740364075,0.835050106048584,0.35817235708236694,0.16063442826271057,0.0,0.25854218006134033,0.40527448058128357,0.0,0.018767036497592926,0.12317853420972824,0.22657187283039093,0.3007260262966156,1.0,0.6636908650398254,0.023877209052443504,0.9993770718574524,0.7495262026786804,0.08989251405000687,0.1544664204120636,xhdzkrft_6.png,0,angry
0.47712329030036926,0.3400530517101288,0.5785046219825745,0.389175683259964,0.19434301555156708,0.0,0.1933647096157074,0.20590199530124664,0.0,0.04124810919165611,0.13542604446411133,0.13717897236347198,0.19611544907093048,1.0,0.296790212392807,0.005974714644253254,0.9994656443595886,0.9234960675239563,0.12384384125471115,0.051763616502285004,ytzkibmh_6.png,0,angry
0.26912885904312134,0.16473285853862762,0.5455765128135681,0.4648844301700592,0.09487167000770569,0.0,0.15235981345176697,0.7161449790000916,1.0,0.033574070781469345,0.26229986548423767,0.16304680705070496,0.22701619565486908,1.0,0.24774742126464844,0.010300660505890846,0.9999861717224121,0.9653192758560181,0.15944358706474304,0.02024330571293831,trgaluan_6.png,0,angry
0.44171446561813354,0.34286993741989136,0.342151403427124,0.46208083629608154,0.1155359148979187,1.0,0.14574719965457916,0.2445562481880188,0.0,0.05040638893842697,0.36592844128608704,0.15844738483428955,0.3061811029911041,1.0,0.3144224286079407,0.07597723603248596,0.99687659740448,0.8022235035896301,0.20897048711776733,0.08563095331192017,sbcfbaku_6.png,0,angry
0.3320053219795227,0.3934139609336853,0.6655613780021667,0.4716789424419403,0.20073747634887695,0.0,0.4092056453227997,0.048876162618398666,1.0,0.13705109059810638,0.23734748363494873,0.20139357447624207,0.32940852642059326,1.0,0.48293399810791016,0.039232492446899414,0.9999545812606812,0.7461802959442139,0.1181497573852539,0.12266066670417786,omstmmot_6.png,0,angry
0.25651854276657104,0.4689220190048218,0.10055147111415863,0.4692985415458679,0.09888939559459686,0.0,0.2301110029220581,0.0017773793078958988,1.0,0.07098497450351715,0.18594808876514435,0.11538354307413101,0.506230354309082,0.0,0.608490526676178,0.4518639147281647,0.25429287552833557,0.05420203134417534,0.13514135777950287,0.16422374546527863,mzikfwup_6.png,0,angry
0.6835745573043823,0.5247501134872437,0.33126112818717957,0.5600572228431702,0.1530519425868988,0.0,0.14405457675457,0.521817147731781,0.0,0.0611569918692112,0.13605622947216034,0.09902552515268326,0.18973484635353088,1.0,0.18989777565002441,0.005330893211066723,0.999990701675415,0.9740180969238281,0.05407015234231949,0.06402134150266647,nskzphca_6.png,0,angry
0.47438254952430725,0.2480831742286682,0.7007946968078613,0.46192288398742676,0.2868342995643616,1.0,0.3505527973175049,0.1781763881444931,1.0,0.21513421833515167,0.27408966422080994,0.3340912163257599,0.30342409014701843,1.0,0.26301559805870056,0.007707118056714535,0.9999284744262695,0.9461005330085754,0.13576798141002655,0.09758172929286957,ijknmbtd_6.png,0,angry
0.45085692405700684,0.37682098150253296,0.7529352903366089,0.5622802972793579,0.15495821833610535,0.0,0.14128799736499786,0.6001412868499756,1.0,0.03226245567202568,0.105309396982193,0.3673139810562134,0.24773551523685455,1.0,0.3418790102005005,0.008723572827875614,0.9998672008514404,0.5294876098632812,0.06745816022157669,0.04405542463064194,afyyhcow_6.png,0,angry
0.5488948822021484,0.14350296556949615,0.8545851707458496,0.34177684783935547,0.16844028234481812,0.0,0.1770399808883667,0.05354464799165726,0.0,0.02173837274312973,0.08045146614313126,0.13554693758487701,0.3722783029079437,1.0,0.36052942276000977,0.031291089951992035,0.9992256164550781,0.7774847745895386,0.045113224536180496,0.11235497891902924,gbeslyfw_6.png,0,angry
0.21679756045341492,0.1534658819437027,0.3475632667541504,0.6112004518508911,0.06202369183301926,0.0,0.15408574044704437,0.1110721156001091,1.0,0.032741978764534,0.3190908133983612,0.2022816687822342,0.45390865206718445,0.0,0.4335356652736664,0.2713010013103485,0.9876943826675415,0.11497381329536438,0.00945347361266613,0.04609610512852669,cjnqjund_6.png,0,angry
0.6656795740127563,0.497471421957016,0.930206835269928,0.3316512703895569,0.07063315063714981,1.0,0.10587119311094284,0.0993763655424118,0.0,0.024409057572484016,0.1759951412677765,0.17365945875644684,0.26831358671188354,1.0,0.32244208455085754,0.0265809278935194,0.9875742793083191,0.8979945778846741,0.0843227356672287,0.027462419122457504,cayljxzc_6.png,0,angry
0.6386992931365967,0.19154822826385498,0.6955066919326782,0.3449442684650421,0.1583545058965683,1.0,0.3552555441856384,0.012903140857815742,1.0,0.11290071159601212,0.23284143209457397,0.30285945534706116,0.682168185710907,0.0,0.3553300201892853,0.504604160785675,0.0011132959043607116,0.07369086891412735,0.032283101230859756,0.39088448882102966,iskecayc_6.png,0,angry
0.1938253790140152,0.041596293449401855,0.8491443395614624,0.3863717019557953,0.10947426408529282,0.0,0.3609529137611389,0.539523184299469,0.0,0.02626674994826317,0.15374785661697388,0.39427101612091064,0.30453255772590637,1.0,0.4093032479286194,0.007892283610999584,0.9998270869255066,0.9846994280815125,0.03697077929973602,0.08070146292448044,ibicefdh_6.png,0,angry
0.4009198844432831,0.38051432371139526,0.2693544924259186,0.4382503628730774,0.05260750651359558,0.0,0.13539394736289978,0.04235134646296501,0.0,0.03260242938995361,0.4579785466194153,0.11558277904987335,0.33829209208488464,0.0,0.3093085289001465,0.20094773173332214,0.05647200345993042,0.2267266809940338,0.3856055438518524,0.03997146338224411,wcelgxdt_6.png,0,angry
0.48990464210510254,0.2995627224445343,0.3356190621852875,0.7104814648628235,0.0844719335436821,0.0,0.16386255621910095,0.04548681527376175,0.0,0.015703575685620308,0.20138579607009888,0.41967785358428955,0.5524327754974365,0.0,0.3819703459739685,0.12582893669605255,0.968472421169281,0.24226802587509155,0.03537847101688385,0.05082625150680542,ydsjwlev_6.png,0,angry
0.6354217529296875,0.32074907422065735,0.4697031080722809,0.4590723514556885,0.1519002914428711,1.0,0.10556389391422272,0.9674147367477417,0.0,0.046011168509721756,0.09241321682929993,0.12893493473529816,0.2838221788406372,1.0,0.41433900594711304,0.02632881887257099,0.9999792575836182,0.7622668147087097,0.02880033291876316,0.028107086196541786,iucmfaay_6.png,0,angry
0.42193543910980225,0.20054297149181366,0.6489381790161133,0.4351637363433838,0.15996995568275452,0.0,0.13476476073265076,0.060179248452186584,0.0,0.08118858933448792,0.15889258682727814,0.24505497515201569,0.38484856486320496,1.0,0.30665484070777893,0.038845788687467575,0.9997621178627014,0.5172309279441833,0.046174246817827225,0.10270576924085617,wzfylrzb_6.png,0,angry
0.5807585716247559,0.3536553978919983,0.8181144595146179,0.38771331310272217,0.07235007733106613,0.0,0.1419524848461151,0.013357599265873432,1.0,0.017330359667539597,0.369089812040329,0.37725359201431274,0.4514479339122772,0.0,0.5427427887916565,0.2127198725938797,0.015735093504190445,0.1580902636051178,0.3875652253627777,0.025758404284715652,aqsmjmzh_6.png,0,angry
0.26019635796546936,0.06803856045007706,0.7156742811203003,0.40549108386039734,0.18892216682434082,0.0,0.1778038889169693,0.24661420285701752,0.0,0.017596086487174034,0.08934179693460464,0.14464566111564636,0.3503270745277405,1.0,0.32361701130867004,0.013975323177874088,0.9994857311248779,0.8164414763450623,0.03739655762910843,0.0763770192861557,nyxwoazi_6.png,0,angry
