,AU01,AU02,AU04,AU05,AU06,AU07,AU09,AU10,AU11,AU12,AU14,AU15,AU17,AU20,AU23,AU24,AU25,AU26,AU28,AU43,file,label
0,0.3036385,0.08373936,0.32954463,0.3186516,0.07968287,1.0,0.14929292,0.04553804,0.0,0.016931795,0.1736518,0.11123228,0.23332244,0.0,0.26908445,0.32915995,0.041971516,0.049502145,0.34313616,0.03601251,doaoiovv_0.png,neutral
1,0.6483361,0.596786,0.59132636,0.715822,0.048652343,0.0,0.15751702,0.001708361,0.0,0.021399766,0.2428342,0.4198975,0.42195624,0.0,0.26726884,0.4093592,0.039949227,0.11814433,0.29263672,0.09270362,uriykxjr_0.png,neutral
2,0.34886795,0.13578545,0.12559146,0.38463798,0.07872607,0.0,0.08923532,0.00669203,0.0,0.020428926,0.17813632,0.09103669,0.47581473,0.0,0.21036962,0.16641659,0.4444841,0.083404966,0.1113307,0.04686196,aksndlkn_0.png,neutral
3,0.71878046,0.38040352,0.8184793,0.47047538,0.08541016,0.0,0.13015103,0.078273624,1.0,0.013883945,0.13314056,0.439175,0.4031749,0.0,0.28567114,0.19958313,0.74407196,0.21269995,0.17595203,0.076875046,aptzlpuo_0.png,neutral
4,0.40469748,0.10457554,0.6952138,0.36987287,0.098458275,0.0,0.24319369,0.03817592,0.0,0.03977862,0.36638382,0.6534972,0.36037403,0.0,0.5412771,0.5140617,0.052667335,0.2788809,0.113750614,0.11329338,fpyfqxgu_0.png,neutral
5,0.27816942,0.17413792,0.24107246,0.30233958,0.119346045,0.0,0.16797654,0.01999086,0.0,0.24102336,0.15682748,0.5110654,0.44804242,0.0,0.5246969,0.34484187,0.32371846,0.033404503,0.12401194,0.23859549,uebhszpa_0.png,neutral
6,0.32023975,0.19056427,0.73816884,0.34184265,0.14291906,0.0,0.14006187,0.18015067,1.0,0.05964204,0.26047042,0.18480527,0.39823604,0.0,0.2943327,0.0723082,0.93076336,0.51009977,0.025752094,0.040319387,ochviknh_0.png,neutral
7,0.62523687,0.3787249,0.13057181,0.64485985,0.124381565,0.0,0.18104464,0.3356996,1.0,0.06014944,0.26863602,0.3119123,0.37849462,0.0,0.14890574,0.16457361,0.27853307,0.16943851,0.19431631,0.13076967,ijflukat_0.png,neutral
8,0.43427855,0.15019904,0.13203555,0.52010447,0.047739774,0.0,0.09785019,0.07848127,0.0,0.014852279,0.24291362,0.1279954,0.5122327,0.0,0.3203524,0.30660138,0.9117096,0.123108484,0.046302207,0.024454774,aovjrrax_0.png,neutral
9,0.41412604,0.17202787,0.8207353,0.32768777,0.60662544,1.0,0.3127184,0.34329143,1.0,0.5637809,0.5228871,0.25178817,0.6356225,1.0,0.70796204,0.5445209,0.2358955,0.26434264,0.4614013,0.018956037,meoltjsh_0.png,neutral
10,0.6011916,0.6239411,0.13730605,0.742357,0.08017903,0.0,0.13571,0.02453093,0.0,0.03940645,0.14335673,0.32433093,0.43159166,0.0,0.2271321,0.36280817,0.043140896,0.17848179,0.50279844,0.057037212,yotvnwxc_0.png,neutral
11,0.6823642,0.5046122,0.08514268,0.5481877,0.08375711,0.0,0.07977875,0.00036496966,0.0,0.022209242,0.24221894,0.31352592,0.45689517,0.0,0.35454577,0.34759542,0.41521662,0.19017932,0.19056162,0.035929043,bypytvsi_0.png,neutral
12,0.47881517,0.5071227,0.2529751,0.5796271,0.047228895,0.0,0.07355236,0.002425828,0.0,0.04828867,0.054785788,0.03508416,0.35078266,0.0,0.14187862,0.15146238,0.4124868,0.30903715,0.09339313,0.042418752,zncwcdny_0.png,neutral
13,0.42964882,0.2559785,0.314657,0.7147235,0.07000124,0.0,0.09527089,0.20734906,0.0,0.016997272,0.26458007,0.27157402,0.3443891,0.0,0.55374664,0.7688468,0.0062033,0.1688537,0.3396132,0.04320148,qksknmnz_0.png,neutral
14,0.4455164,0.26268238,0.5127068,0.44696954,0.083856955,0.0,0.12132627,0.049839783,0.0,0.0247374,0.24076065,0.33855817,0.4563756,0.0,0.17545274,0.48857898,0.7370017,0.09563288,0.61139613,0.054264974,nhhpggov_0.png,neutral
15,0.41437045,0.16412565,0.25501013,0.4014544,0.094399795,0.0,0.0955533,0.0016022491,1.0,0.04191337,0.5796395,0.08384177,0.5733888,0.0,0.62305814,0.7310131,0.07752306,0.03517145,0.12952533,0.031269785,ipsimaqj_0.png,neutral
16,0.66415423,0.5181656,0.23005049,0.4513931,0.11647946,0.0,0.10505254,0.057385445,1.0,0.065789975,0.2631035,0.20978628,0.54541695,0.0,0.18521391,0.202868,0.8345461,0.3071546,0.047365066,0.16973984,eljxxegl_0.png,neutral
17,0.2568895,0.17543478,0.28256097,0.37869412,0.070710875,0.0,0.093327306,0.01251109,1.0,0.035715524,0.35045418,0.11993655,0.30449152,0.0,0.26365742,0.28320807,0.72964656,0.2752319,0.24449591,0.03750799,msmvwsfs_0.png,neutral
18,0.4203548,0.32116735,0.39965528,0.3775826,0.08240722,0.0,0.07128653,0.0024120389,1.0,0.0272952,0.22724408,0.4375598,0.64050174,0.0,0.40788454,0.8097539,0.09440283,0.11930968,0.26484528,0.040336356,nqnglvyz_0.png,neutral
19,0.6017917,0.39338103,0.122077055,0.7297099,0.08268492,0.0,0.16056924,0.004586887,0.0,0.03672602,0.12750325,0.1299071,0.27605253,0.0,0.15858749,0.18716006,0.27820024,0.12358818,0.25244042,0.2002623,hggpexdo_0.png,neutral
20,0.34778947,0.19841005,0.252839,0.3703954,0.118513,0.0,0.0830264,0.016539838,0.0,0.07044331,0.14462899,0.10963533,0.49327412,0.0,0.16380538,0.110793024,0.4587647,0.30184475,0.098723516,0.023501249,ltqjxuax_0.png,neutral
21,0.5923455,0.37049958,0.25383875,0.50231934,0.07046637,0.0,0.1124087,0.0028352381,1.0,0.026905773,0.268999,0.5389941,0.59996116,0.0,0.45305297,0.32339063,0.23959741,0.059900366,0.06520794,0.06479207,ygoyktyx_0.png,neutral
22,0.5012458,0.17552178,0.21538404,0.7455807,0.07945169,0.0,0.14263827,0.010984145,0.0,0.03157178,0.1445656,0.7730246,0.48213106,0.0,0.39168653,0.7425341,0.04602473,0.040377703,0.16677904,0.044424377,jsmsdueg_0.png,neutral
23,0.5650384,0.41070667,0.119592465,0.3137068,0.1287609,0.0,0.1303049,0.29269263,0.0,0.11222291,0.33240882,0.49710035,0.56598115,0.0,0.64975655,0.81489414,0.0005976113,0.09131786,0.38528958,0.03449656,nyibhtiv_0.png,neutral
24,0.41907564,0.29352063,0.19418909,0.32351094,0.12201764,0.0,0.124642596,0.05642568,0.0,0.03854787,0.16018659,0.17249362,0.48997036,0.0,0.44370595,0.066473134,0.971527,0.3312034,0.0058800066,0.027887173,mjrssggv_0.png,neutral
25,0.5587443,0.3808807,0.16529313,0.69938964,0.05407486,0.0,0.12622732,0.01332259,0.0,0.03359757,0.25061876,0.11617497,0.42509437,0.0,0.3052079,0.28059852,0.37059423,0.40244728,0.22179054,0.055223253,icdgfsbl_0.png,neutral
26,0.32459673,0.16745824,0.31913275,0.35555363,0.119707465,0.0,0.18200177,0.0038382972,0.0,0.1710988,0.16322224,0.25443152,0.32512838,0.0,0.17048025,0.4158084,0.13040915,0.04474579,0.18532376,0.18911608,qqzwwvyd_0.png,neutral
27,0.51532537,0.32173795,0.21749455,0.72406816,0.045248006,0.0,0.10273538,7.94836e-05,0.0,0.02058606,0.1989324,0.040385142,0.5153731,0.0,0.29357553,0.34034908,0.8484639,0.07033493,0.05866581,0.044177704,ijezvbvp_0.png,neutral
28,0.13570537,0.14672941,0.107158594,0.7496132,0.08024022,0.0,0.113508664,0.00038831425,0.0,0.02323463,0.17250043,0.044422254,0.30039433,0.0,0.1213569,0.21118094,0.3860747,0.16406232,0.07329535,0.019571498,qssmmznc_0.png,neutral
29,0.21826762,0.12346187,0.107437365,0.41261938,0.08598876,0.0,0.08714999,0.01878591,1.0,0.026512027,0.29891965,0.0782681,0.54205775,0.0,0.3911392,0.32171842,0.650844,0.070083484,0.231108,0.033447754,yamlmzkw_0.png,neutral
30,0.33623108,0.1998653,0.37200406,0.6488125,0.047706176,0.0,0.10866476,0.009719421,0.0,0.026012765,0.49194425,0.17828095,0.2295859,0.0,0.28579208,0.24845023,0.15618779,0.107217774,0.074800886,0.029549384,mkeqeytd_0.png,neutral
31,0.55487704,0.34763685,0.22183011,0.53812253,0.10334746,0.0,0.1107709,0.006719949,1.0,0.029299067,0.25433162,0.081689365,0.43784586,0.0,0.2016693,0.17853174,0.8303876,0.36401892,0.044652544,0.024854604,kdetozvj_0.png,neutral
32,0.36181828,0.2737387,0.32832277,0.50790495,0.05769196,0.0,0.11442155,0.029773189,1.0,0.03569533,0.2648356,0.32933927,0.30248177,0.0,0.24242884,0.2000401,0.38800466,0.11749646,0.22232088,0.034463443,ipemwghi_0.png,neutral
33,0.24670176,0.32883433,0.24816594,0.4367386,0.11268911,0.0,0.10099035,0.003257558,0.0,0.12787363,0.14067306,0.18137807,0.31291315,0.0,0.42815793,0.21275374,0.029096354,0.11218589,0.054937724,0.023752,sqtjhgdj_0.png,neutral
34,0.513918,0.20364453,0.26413924,0.5678318,0.053756066,0.0,0.10483533,0.0018118368,0.0,0.019598683,0.2489421,0.2986425,0.35736337,0.0,0.2231678,0.16706079,0.9884875,0.17701836,0.22872993,0.05193265,qxeaamth_0.png,neutral
35,0.46543688,0.36413482,0.22725905,0.650453,0.07124681,0.0,0.15812223,0.06406334,0.0,0.022916207,0.20297214,0.22126734,0.4030406,0.0,0.27840522,0.2583186,0.66285515,0.15925246,0.09330669,0.08540823,enstpxcn_0.png,neutral
36,0.7851166,0.5246871,0.1809965,0.36542395,0.11624604,0.0,0.12655173,0.045075037,0.0,0.06313676,0.18866077,0.28180265,0.53458595,0.0,0.5021502,0.21536973,0.12116288,0.04067169,0.40382826,0.053157955,qhwpwkjn_0.png,neutral
37,0.5113462,0.2561937,0.4899613,0.3708276,0.09363532,0.0,0.1908153,0.055273872,0.0,0.06086237,0.25581473,0.15092392,0.30939907,0.0,0.22801867,0.21406113,0.37138423,0.072765246,0.15785842,0.2369024,aksjlkjl_0.png,neutral
38,0.4899009,0.38048437,0.75343406,0.36085033,0.16987178,0.0,0.25717223,0.6185118,1.0,0.15029266,0.41916364,0.75518847,0.64447075,0.0,0.5830236,0.810161,0.13129717,0.5419849,0.6582018,0.04438196,xccqqjvi_0.png,neutral
39,0.3856699,0.24234715,0.6787517,0.33558878,0.07511453,0.0,0.15702207,0.00014166077,1.0,0.040085122,0.39309978,0.21770933,0.41221583,0.0,0.46168533,0.7580249,0.058466535,0.3330246,0.258761,0.053328592,jukrascp_0.png,neutral
40,0.81015646,0.40732265,0.18827602,0.5703496,0.06556039,0.0,0.08423885,0.0030397319,0.0,0.015125294,0.11762302,0.30990696,0.3676396,0.0,0.29050893,0.14972815,0.73690236,0.1509711,0.08062933,0.047552474,xxvwmhpc_0.png,neutral
41,0.32771066,0.08131675,0.43938133,0.39621124,0.087476425,0.0,0.15757485,0.087693535,1.0,0.027631117,0.40119636,0.22461177,0.6420802,0.0,0.34863716,0.39092737,0.02327059,0.04172256,0.311794,0.040339172,xndryolj_0.png,neutral
42,0.745822,0.5193443,0.15279028,0.48070642,0.10922829,0.0,0.11105976,0.0035725473,1.0,0.10732996,0.3507617,0.64229435,0.4205192,0.0,0.3786429,0.256745,0.8341824,0.16505371,0.42568526,0.058208045,ntrnuvdf_0.png,neutral
43,0.6187035,0.37529248,0.3269649,0.49336034,0.057574958,0.0,0.12292348,0.0072602206,0.0,0.018332977,0.2860231,0.39430308,0.51017797,0.0,0.7040744,0.55060595,0.013025774,0.14250864,0.38998875,0.035664905,hshkkwdp_0.png,neutral
44,0.15520793,0.08961853,0.31260818,0.40234113,0.08593429,0.0,0.07610924,0.00067555916,1.0,0.01902511,0.085284986,0.07938784,0.41178617,0.0,0.30856147,0.42437208,0.022014687,0.09223518,0.015729748,0.04305924,oepfptsx_0.png,neutral
45,0.38425437,0.07113304,0.5538181,0.45903894,0.05363169,0.0,0.19011585,0.019708628,0.0,0.022865888,0.27836812,0.31032452,0.2927442,0.0,0.27692997,0.31058973,0.010328732,0.061723493,0.31132156,0.056081235,xwzestoy_0.png,neutral
46,0.36204755,0.25018674,0.07981171,0.37855497,0.063145585,0.0,0.1250658,0.0027898506,0.0,0.018473234,0.24843958,0.048391376,0.41252086,0.0,0.26227775,0.12740993,0.97295433,0.6390597,0.25797746,0.0468858,fptmvwwa_0.png,neutral
47,0.45427218,0.22593267,0.5764589,0.32938656,0.12427223,0.0,0.18978688,0.84361184,1.0,0.05822752,0.37983492,0.23797286,0.422913,0.0,0.63871044,0.6661904,0.041173138,0.14647366,0.70103025,0.042856194,ysqkgmri_0.png,neutral
48,0.52764726,0.43416536,0.19020614,0.387256,0.071500264,0.0,0.14695789,0.00010341987,1.0,0.02340473,0.25612116,0.40003052,0.4644884,0.0,0.40034124,0.52099156,0.82554704,0.22905663,0.18079306,0.049734313,cdjydsnd_0.png,neutral
49,0.39285117,0.21881793,0.10782711,0.47770676,0.086341776,0.0,0.15396118,0.08445623,0.0,0.02545844,0.2949071,0.37180722,0.3413469,0.0,0.3822907,0.21910737,0.13666213,0.071629174,0.17532101,0.026568418,lvwejyyx_0.png,neutral
50,0.38684827,0.14087771,0.5534887,0.36453134,0.08899312,0.0,0.1352086,0.015502053,0.0,0.026952839,0.16233568,0.18701446,0.47379774,0.0,0.19544494,0.13631113,0.60091484,0.12426716,0.24783336,0.04098493,yttqexgn_0.png,neutral
51,0.52542365,0.40476465,0.69343716,0.38923246,0.08763616,0.0,0.12149585,0.17907585,0.0,0.039346125,0.27153194,0.62554085,0.33562163,0.0,0.46406284,0.4830332,0.32168466,0.27710947,0.29014668,0.04499796,okowjlvz_0.png,neutral
52,0.5097271,0.38699988,0.08441188,0.37604776,0.18213584,0.0,0.14403027,0.050541002,1.0,0.10208434,0.21122557,0.22326595,0.3965251,0.0,0.43998444,0.020406786,0.94298047,0.30486074,0.06227568,0.05711538,oyhvljra_0.png,neutral
53,0.2976121,0.29677662,0.3821446,0.47562572,0.08767837,0.0,0.12388641,0.04598435,1.0,0.016374722,0.41301706,0.09131359,0.35714284,0.0,0.46418998,0.35587776,0.039761137,0.29255936,0.042655095,0.02784008,bpumwnjf_0.png,neutral
54,0.3286575,0.14023316,0.28175113,0.71611476,0.070913315,0.0,0.16138299,0.00019578985,1.0,0.02625716,0.219155,0.17131828,0.48478663,0.0,0.4424529,0.68624306,0.11098472,0.11568155,0.15082178,0.04218176,khesqqmc_0.png,neutral
55,0.5911541,0.35684675,0.3523915,0.36760572,0.07120801,0.0,0.13634893,0.00018134632,0.0,0.01867232,0.45660588,0.5098895,0.50695723,0.0,0.4747405,0.65984756,0.014751903,0.15221491,0.53126186,0.042944204,giprubya_0.png,neutral
56,0.277009,0.078600466,0.43202284,0.324929,0.09942843,1.0,0.12116895,0.2847518,0.0,0.047456753,0.3945918,0.46369973,0.4653489,0.0,0.21400346,0.5298498,0.009772994,0.1638122,0.50967467,0.033708207,lrraplck_0.png,neutral
57,0.20637408,0.26794502,0.33638304,0.45055115,0.060463157,0.0,0.09712079,0.37850255,0.0,0.033924893,0.50137436,0.14710858,0.4389709,0.0,0.27986336,0.46295002,0.2942711,0.6596913,0.280141,0.023237221,dcucvrzp_0.png,neutral
58,0.35883948,0.14296333,0.24567303,0.52943474,0.08896051,0.0,0.1342476,0.0031384276,0.0,0.060627855,0.21134505,0.13704501,0.25982526,0.0,0.32509288,0.4639988,0.06072929,0.094043076,0.42018506,0.026735688,gahdlbzb_0.png,neutral
59,0.40297902,0.3073858,0.06462927,0.7482367,0.081938095,0.0,0.11229068,0.079446144,0.0,0.032351602,0.14292024,0.34309325,0.52397406,0.0,0.35201544,0.46570343,0.10344742,0.07332225,0.36010447,0.0438724,ljhvzcvz_0.png,neutral
60,0.6919254,0.63096815,0.45443252,0.40423688,0.09164425,0.0,0.092639975,0.003056179,0.0,0.032009378,0.0838942,0.22113967,0.3643619,0.0,0.077745974,0.1432802,0.35536748,0.20546536,0.11503323,0.054287907,bddhbpcn_0.png,neutral
61,0.481563,0.26665798,0.19520392,0.40513766,0.11630029,0.0,0.082481384,0.017610345,0.0,0.0439177,0.35982817,0.26190686,0.65558773,0.0,0.29266277,0.33213353,0.56940395,0.47718462,0.07731674,0.046807267,dzpmcurw_0.png,neutral
62,0.5746914,0.31677404,0.3059731,0.34627616,0.07151934,1.0,0.13455355,0.09880683,0.0,0.03170899,0.20606329,0.31827798,0.52417815,0.0,0.4000998,0.43798283,0.1950804,0.11568878,0.48149866,0.07944031,kinbdvaf_0.png,neutral
63,0.4673275,0.15123445,0.6215664,0.48497754,0.07953659,0.0,0.14433125,0.05840984,0.0,0.014222206,0.090096064,0.17286429,0.25307158,0.0,0.38505575,0.33843833,0.5475893,0.1354759,0.039929077,0.053204067,qdqrygpm_0.png,neutral
64,0.1312376,0.1189066,0.10573972,0.38372144,0.08103982,0.0,0.114128634,0.05630954,0.0,0.030288132,0.17674644,0.013043944,0.41604093,0.0,0.23873599,0.084014006,0.51636857,0.13357626,0.036462024,0.021663774,zcyabiss_0.png,neutral
65,0.49131608,0.17476933,0.71773964,0.27063167,0.1651252,0.0,0.5513968,0.0022724583,1.0,0.031790134,0.31328428,0.47510114,0.4804231,0.0,0.47084504,0.57963616,0.42617813,0.28099036,0.17479193,0.6375851,oxqbwrzi_0.png,neutral
66,0.61892,0.36644265,0.5518793,0.5256678,0.07133574,0.0,0.120938,0.0096336845,1.0,0.034972567,0.18108952,0.26526588,0.31684527,0.0,0.41077134,0.24570481,0.7985614,0.15369946,0.14469393,0.16259512,nofphkup_0.png,neutral
67,0.27653646,0.3885697,0.06782719,0.58627,0.039232798,0.0,0.125812,0.03450846,0.0,0.053132515,0.36335498,0.1684432,0.2208253,0.0,0.32702667,0.27867645,0.8512343,0.168206,0.056242093,0.036761865,oijokhas_0.png,neutral
68,0.3603954,0.24848771,0.46817505,0.33613914,0.10623967,0.0,0.15360506,0.03058209,0.0,0.032308735,0.7205586,0.4738819,0.32411826,0.0,0.6147998,0.48619622,0.7889237,0.30070773,0.3523883,0.037055302,mioyjotj_0.png,neutral
69,0.5963857,0.39113748,0.41536996,0.707528,0.057382945,0.0,0.18836848,0.00010142701,0.0,0.014214792,0.07803422,0.06313226,0.4169814,0.0,0.12175568,0.18359177,0.8180689,0.25861898,0.12620904,0.07569815,weiblaox_0.png,neutral
70,0.29513592,0.24571322,0.4229566,0.3821355,0.0827283,0.0,0.11274875,0.007198891,1.0,0.011937009,0.22280045,0.24172461,0.42631772,0.0,0.5730344,0.21655746,0.12118245,0.09489125,0.15503931,0.05408157,gsruqgmg_0.png,neutral
71,0.41663358,0.3342541,0.16529848,0.3796987,0.08777887,0.0,0.10097139,0.0050480096,1.0,0.016180608,0.33065066,0.40477675,0.67251825,0.0,0.5139863,0.73059887,0.039921045,0.096957125,0.5254487,0.039569058,risilmgv_0.png,neutral
72,0.3003018,0.2076667,0.35521522,0.37014073,0.1100709,0.0,0.20670803,0.019579012,0.0,0.04925216,0.21430594,0.26693338,0.5239575,0.0,0.73336303,0.26981887,0.9065037,0.16594288,0.39402813,0.17714447,fctifazl_0.png,neutral
73,0.27932075,0.12491548,0.5827547,0.4080271,0.053809404,0.0,0.106627166,0.0027317319,0.0,0.014653538,0.11321197,0.43177733,0.5675603,0.0,0.62444067,0.4875606,0.13602509,0.29015937,0.4124402,0.056244966,tttttttt_0.png,neutral
74,0.68125314,0.434486,0.10572131,0.60087067,0.06704102,0.0,0.10188337,0.0044182986,1.0,0.04200119,0.16750245,0.19325364,0.48291388,0.0,0.48932487,0.44694486,0.48007414,0.3232947,0.31465,0.10728213,ofqndssl_0.png,neutral
75,0.54977643,0.12907284,0.44518054,0.47271067,0.08831858,0.0,0.18210766,0.0018204075,1.0,0.017930506,0.2509014,0.5168753,0.43785107,0.0,0.32187483,0.20014316,0.043369785,0.09565505,0.11889504,0.03864695,ebmnxzgq_0.png,neutral
76,0.40277734,0.16695131,0.5719982,0.3778779,0.09231422,0.0,0.12213664,0.008633013,0.0,0.011581352,0.16405766,0.41912603,0.42944312,0.0,0.38420752,0.31378385,0.9456648,0.25097603,0.09305164,0.05744627,lsccpyve_0.png,neutral
77,0.40317178,0.16928086,0.62711746,0.47966784,0.06474633,0.0,0.14693789,0.12164316,1.0,0.02682294,0.21776769,0.3802929,0.53882843,0.0,0.44775665,0.53838646,0.17978092,0.094784476,0.28263667,0.04062563,cbiznkhq_0.png,neutral
78,0.43740037,0.26570743,0.097370505,0.45093971,0.09544992,0.0,0.076240696,0.016600711,0.0,0.063584924,0.2885336,0.18739945,0.32916403,0.0,0.47924498,0.0638452,0.9727955,0.35360977,0.01753039,0.06348617,ngylyuyo_0.png,neutral
79,0.31771982,0.29297614,0.47192106,0.5721087,0.06787868,0.0,0.10193951,0.025457488,0.0,0.040154945,0.2992095,0.22414747,0.36626312,0.0,0.545878,0.59766406,0.04352418,0.13608882,0.3036676,0.039744753,mxagfwow_0.png,neutral
80,0.40672836,0.33685818,0.12892579,0.7234471,0.08851616,0.0,0.16316137,0.06305415,0.0,0.053184245,0.30634323,0.21724756,0.34032735,0.0,0.37006646,0.2890589,0.39652357,0.1658665,0.08661094,0.13896838,bwyrfppo_0.png,neutral
81,0.17851397,0.20707029,0.62882763,0.405229,0.24682133,1.0,0.11335887,0.15938841,0.0,0.14209482,0.54746807,0.53746843,0.5480445,0.0,0.8217617,0.71770614,0.05746354,0.13785154,0.39778712,0.04105179,wwwswobp_0.png,neutral
82,0.4620343,0.22343062,0.37121296,0.3123882,0.16623875,0.0,0.18162261,0.03472776,1.0,0.03491566,0.19228536,0.5928253,0.38512886,0.0,0.3827501,0.35943612,0.15886536,0.23571213,0.4654652,0.023185859,gvhueinj_0.png,neutral
83,0.28102577,0.225907,0.30651772,0.537601,0.082004406,0.0,0.09728706,0.043911263,1.0,0.018069573,0.14821598,0.11563605,0.4523014,0.0,0.3664898,0.27505073,0.12411463,0.20137134,0.15642326,0.07340676,kwblojky_-.png,neutral
84,0.48481637,0.26388863,0.45292747,0.729939,0.07349177,0.0,0.12744513,0.0017279134,0.0,0.029238079,0.09027236,0.29035625,0.38720363,0.0,0.26358923,0.16165586,0.43298912,0.05129339,0.09059681,0.07529993,hrbtgokg_0.png,neutral
85,0.68031317,0.27035338,0.3055735,0.70841014,0.07107499,0.0,0.16207695,0.00027628246,1.0,0.04147284,0.18813303,0.42850554,0.4318144,0.0,0.28143543,0.18735594,0.057322297,0.115509786,0.050275356,0.027877988,duiywdfy_0.png,neutral
86,0.62360793,0.4205644,0.7505905,0.35555083,0.09204183,0.0,0.27232197,0.0021278975,0.0,0.036557887,0.19971229,0.59414583,0.5967257,0.0,0.24918075,0.66516286,0.05189917,0.13609725,0.47859722,0.04164641,wmayiigl_0.png,neutral
87,0.28940994,0.1081421,0.11970948,0.3790779,0.061070625,0.0,0.10804063,0.0008546749,0.0,0.011296401,0.05581481,0.1610109,0.24131174,0.0,0.13531926,0.11528104,0.6314619,0.21897808,0.049692065,0.039163515,hbujmzzg_0.png,neutral
88,0.7450742,0.23597807,0.12104456,0.37073234,0.17127508,0.0,0.10203594,0.02809969,0.0,0.08296957,0.7611996,0.66296893,0.52426964,0.0,0.6392271,0.76083505,0.06615095,0.15453543,0.7728601,0.021970512,lbhbsmfi_0.png,neutral
89,0.71918994,0.26064798,0.32247308,0.7006649,0.06978959,0.0,0.15002927,0.0008696598,1.0,0.016764954,0.08258441,0.51182765,0.36774108,0.0,0.24352697,0.06348409,0.57584405,0.105405785,0.07913411,0.06842236,excmmiro_0.png,neutral
90,0.48837942,0.26174864,0.50479996,0.42196807,0.07493065,0.0,0.16209413,0.3391013,0.0,0.033594605,0.10080919,0.3037835,0.3099163,0.0,0.3482309,0.20993924,0.061214242,0.10559256,0.09293926,0.0289823,zxaniekp_0.png,neutral
91,0.4766112,0.4192985,0.07695874,0.47800973,0.056677032,0.0,0.08821932,0.0023001616,1.0,0.019950233,0.057093903,0.06330098,0.3442341,0.0,0.22201476,0.10653425,0.2429692,0.20512491,0.032557327,0.025009679,opidyblo_0.png,neutral
92,0.59921724,0.22958139,0.713506,0.54532427,0.047335137,0.0,0.11550114,0.053886387,1.0,0.027409632,0.10449849,0.40359566,0.2728129,0.0,0.36641046,0.17782192,0.123397104,0.22783697,0.35574716,0.04952509,jidrxvme_0.png,neutral
93,0.58136374,0.45654076,0.34551805,0.5429567,0.09072379,0.0,0.091084644,0.004902511,1.0,0.022401055,0.12491396,0.027126217,0.4942255,0.0,0.13740398,0.1105586,0.40896434,0.1859816,0.03824708,0.057221584,feaekqug_0.png,neutral
94,0.23564215,0.2576194,0.09373909,0.69013256,0.10816531,0.0,0.116624005,0.08988059,0.0,0.07899587,0.36386892,0.38183072,0.5310739,0.0,0.5550726,0.90160006,0.010238754,0.08440982,0.52625746,0.056173313,yzzgyrxa_0.png,neutral
95,0.43343446,0.14989188,0.45280463,0.35323083,0.093409695,0.0,0.20507316,0.087912254,0.0,0.03065333,0.3324129,0.61860925,0.40178713,0.0,0.41777584,0.520287,0.00517099,0.17600243,0.3065464,0.03127284,itkbqqhy_0.png,neutral
96,0.60871935,0.4703767,0.49405178,0.32060128,0.048867285,0.0,0.19718383,0.0040245247,1.0,0.034857642,0.20789623,0.22982599,0.46077886,0.0,0.4220955,0.38129732,0.13478844,0.14853102,0.31860366,0.37640488,xltkkwzc_0.png,neutral
97,0.2857337,0.09795365,0.48705983,0.3701177,0.123468556,1.0,0.14453344,0.03444328,0.0,0.18676648,0.3720481,0.1952278,0.44531116,0.0,0.35763067,0.57380664,0.12941174,0.19308047,0.38787195,0.078640394,kdraatjf_0.png,neutral
98,0.45974144,0.4650438,0.047938142,0.71128213,0.038481317,0.0,0.09889862,0.02992675,1.0,0.025440611,0.15582062,0.19264139,0.31740016,0.0,0.24378721,0.19617069,0.62166876,0.11039859,0.21426946,0.057278164,glqfjain_0.png,neutral
99,0.29595137,0.24693316,0.2294703,0.48979503,0.064609885,0.0,0.17382531,0.0014642474,0.0,0.021052495,0.17721167,0.09481313,0.28206307,0.0,0.24779786,0.14756611,0.6341046,0.11203744,0.34623703,0.025990665,gehtzpkn_0.png,neutral
100,0.5757214,0.35784706,0.40976152,0.60198826,0.07424946,0.0,0.1266209,0.027255913,0.0,0.021805508,0.1856618,0.23218258,0.4824766,0.0,0.22385906,0.25115743,0.3277406,0.16534616,0.098324835,0.14993629,ocvuazin_0.png,neutral
101,0.69216263,0.36760324,0.28083083,0.38708183,0.13489823,0.0,0.17115608,0.02535276,0.0,0.037136383,0.30876884,0.5907273,0.7353035,0.0,0.7549514,0.7952145,0.009157954,0.07424005,0.40106192,0.07961171,sphlatha_0.png,neutral
102,0.57216114,0.40063232,0.20316081,0.60042405,0.04098361,0.0,0.098329805,0.011040482,0.0,0.041248646,0.115260884,0.11821841,0.27723485,0.0,0.1798958,0.101329274,0.6906866,0.42700025,0.06996038,0.025489485,bbuwxuqm_0.png,neutral
103,0.38310453,0.14576645,0.4780517,0.3593732,0.10440913,0.0,0.11604912,0.20915361,0.0,0.023593016,0.14010404,0.055682715,0.35244647,0.0,0.26561916,0.1253785,0.19524537,0.21645907,0.19579935,0.04447885,lonrqxvn_0.png,neutral
104,0.38297495,0.19807144,0.1482218,0.6682584,0.06784257,0.0,0.12384488,0.00710593,0.0,0.017808942,0.42330474,0.45065373,0.30651805,0.0,0.47654405,0.21694525,0.07193364,0.043133996,0.22441842,0.05279792,wfyonili_0.png,neutral
105,0.5456472,0.11754245,0.3203618,0.46125242,0.08584619,0.0,0.09940845,0.000804238,0.0,0.023977676,0.13591346,0.08948766,0.57948124,0.0,0.23886293,0.4576618,0.10442324,0.07975816,0.036561318,0.04907366,lqrhtccx_0.png,neutral
106,0.61522114,0.45624322,0.49657342,0.32590905,0.077042684,1.0,0.17381427,0.050631523,1.0,0.09536224,0.3910286,0.39118695,0.3744967,0.0,0.6151202,0.4956897,0.009624203,0.5574602,0.25616518,0.05412238,rfdhplyv_0.png,neutral
107,0.40675518,0.22114095,0.17691043,0.34967276,0.14402403,0.0,0.1025939,0.08890701,1.0,0.0262101,0.34619966,0.20571567,0.413654,0.0,0.31685418,0.11584985,0.72154826,0.079655536,0.11270457,0.04697526,mnfivaje_0.png,neutral
108,0.2946531,0.16625561,0.510703,0.3982649,0.11744455,0.0,0.14592767,0.03969701,0.0,0.033449113,0.26204696,0.7166204,0.36108175,0.0,0.54115206,0.66890574,0.01722823,0.37219405,0.36365345,0.048764043,tzjheuev_0.png,neutral
109,0.6111874,0.26874036,0.41862386,0.34202304,0.10158338,0.0,0.112830654,0.0045244265,0.0,0.028597858,0.20392543,0.10598475,0.59614456,0.0,0.35429537,0.09002572,0.9503459,0.26134533,0.012404598,0.06330457,vxozvaus_0.png,neutral
110,0.6979876,0.44511816,0.12750052,0.613308,0.08913888,0.0,0.12013552,0.008487831,0.0,0.06588843,0.20909218,0.108237386,0.36998186,0.0,0.34964556,0.1813328,0.6660904,0.27891168,0.17455213,0.045304913,naztoojr_0.png,neutral
111,0.32656777,0.22481328,0.47022542,0.566042,0.056722008,0.0,0.13901001,0.002843906,0.0,0.053608738,0.2283311,0.3828038,0.3205361,0.0,0.24585362,0.3309822,0.33300796,0.22726649,0.31584167,0.026936071,mgpwrttn_0.png,neutral
112,0.4678128,0.22503698,0.2949571,0.5226853,0.05627733,1.0,0.1088183,0.15959667,0.0,0.03500041,0.1759041,0.071798734,0.3017428,0.0,0.3339774,0.17574804,0.9614801,0.55270964,0.04765961,0.04231252,elxpckqo_0.png,neutral
113,0.38410074,0.13742167,0.28890672,0.42566183,0.08272241,0.0,0.10556682,0.09252872,1.0,0.026503002,0.22601773,0.4147345,0.42702705,0.0,0.3947203,0.24261776,0.30267137,0.12997068,0.4273015,0.037065793,pegzapht_0.png,neutral
114,0.49639294,0.12473177,0.39248314,0.35065997,0.08710659,0.0,0.1580839,0.2551405,0.0,0.05420701,0.55313253,0.24324654,0.33691093,0.0,0.43050775,0.6137649,0.11327769,0.2780398,0.19796611,0.040285368,joumvqtq_0.png,neutral
115,0.16271546,0.10570779,0.5142669,0.3524312,0.10527436,0.0,0.073198535,0.0046766214,0.0,0.026920691,0.07784813,0.084518984,0.36015594,0.0,0.18886335,0.052849993,0.23452872,0.37653637,0.028598912,0.07103469,qgzbfdsa_0.png,neutral
116,0.8370584,0.5190288,0.44338518,0.3347912,0.1674832,1.0,0.12721752,0.086993545,0.0,0.10118991,0.27672163,0.88305736,0.424344,0.0,0.46066737,0.43614572,0.029970422,0.20535155,0.40933248,0.04137341,pgupnfcu_0.png,neutral
117,0.17045534,0.20960478,0.052772745,0.59397477,0.055797864,0.0,0.07088471,0.17700684,0.0,0.055808414,0.22699249,0.12650353,0.38032314,0.0,0.32316875,0.41918954,0.031937413,0.2975021,0.42260084,0.03960102,ubjxviok_0.png,neutral
118,0.6252362,0.36224827,0.31043896,0.65835667,0.061634578,0.0,0.17516129,0.03690281,1.0,0.02785441,0.11185712,0.37630945,0.30319935,0.0,0.2912247,0.13156834,0.16541044,0.12002072,0.39635962,0.046281185,nuvobtvv_0.png,neutral
119,0.6104936,0.20795584,0.6796301,0.26568004,0.24160604,0.0,0.4946686,0.3008568,1.0,0.15800574,0.17607045,0.73423016,0.4953642,1.0,0.28323266,0.5599444,0.41270012,0.25105852,0.12364518,0.45525387,lmbunimo_0.png,neutral
120,0.526421,0.22502978,0.5281489,0.30444622,0.14128265,0.0,0.11787533,0.26300544,1.0,0.09309436,0.43671697,0.22748476,0.5020686,0.0,0.19087821,0.29247257,0.44187617,0.35839736,0.09968687,0.040193822,weutgjer_0.png,neutral
121,0.4996682,0.31413785,0.44741747,0.30237144,0.102893405,0.0,0.18329911,0.2158592,0.0,0.03035284,0.25437248,0.6127355,0.41863602,0.0,0.41438353,0.38005695,0.96506375,0.26494265,0.12394032,0.040492505,tajazgac_0.png,neutral
122,0.46036202,0.35620174,0.25702173,0.45993352,0.10627667,0.0,0.08127642,0.035557754,0.0,0.022345856,0.14212221,0.17265417,0.62517595,0.0,0.3265327,0.19681081,0.2333116,0.20411251,0.16785775,0.07208,mxiibvhx_0.png,neutral
123,0.27912837,0.18829663,0.15166627,0.37091732,0.10566202,0.0,0.27787116,0.11965683,0.0,0.08375274,0.28915995,0.15871269,0.31460148,0.0,0.42516622,0.35238275,0.20945476,0.21089698,0.15833557,0.10134708,qsnmthak_0.png,neutral
124,0.43828103,0.20266779,0.5094806,0.40068108,0.077886425,0.0,0.10897356,0.0066385306,0.0,0.032046765,0.1012306,0.43752712,0.30220532,0.0,0.565009,0.3171526,0.9776227,0.37088892,0.10141978,0.06463112,canuknmw_0.png,neutral
125,0.44894248,0.3603269,0.7236167,0.30643955,0.10202504,0.0,0.22174577,0.047312908,1.0,0.047794085,0.23835173,0.71772856,0.41673943,0.0,0.5613214,0.6114582,0.0024066062,0.17369498,0.41074905,0.042189706,fuyzggmt_0.png,neutral
126,0.5612638,0.251425,0.3279536,0.3433373,0.08005737,0.0,0.10764133,0.0063146157,0.0,0.022113856,0.20624901,0.22553194,0.6411035,0.0,0.40232405,0.56900495,0.041982263,0.05383648,0.14279374,0.03385329,gpywhyli_0.png,neutral
127,0.4915762,0.15718547,0.5498554,0.3369846,0.08029063,0.0,0.20164238,0.008154317,0.0,0.02274745,0.3492342,0.20815764,0.580346,0.0,0.56055266,0.32592076,0.14782916,0.33693743,0.24915807,0.061969053,gsnegzga_0.png,neutral
128,0.49944153,0.37399292,0.38644734,0.6909571,0.07649145,0.0,0.162103,0.008406357,0.0,0.031592883,0.21187478,0.30029836,0.4894163,0.0,0.45131955,0.22677143,0.6588276,0.048078045,0.14067493,0.040863372,lglfhymi_0.png,neutral
129,0.5470555,0.31848958,0.25367528,0.7029071,0.070242114,0.0,0.1372268,0.037189208,1.0,0.037240148,0.27022812,0.16236186,0.4140801,0.0,0.22007585,0.1566568,0.48765624,0.07896136,0.08131157,0.02564435,ypdakluv_0.png,neutral
130,0.63355356,0.4220984,0.50192386,0.73108,0.059715364,0.0,0.16463652,0.0025667348,1.0,0.025551813,0.07682446,0.118846685,0.36853,0.0,0.35961005,0.2258979,0.84004796,0.10763158,0.07860137,0.06649212,jcqhmbxh_0.png,neutral
131,0.3390288,0.21350685,0.4023919,0.31968635,0.048427995,0.0,0.09135291,0.0016705166,0.0,0.017945064,0.10251325,0.28097177,0.30113843,0.0,0.27911842,0.14110813,0.15421812,0.13689052,0.16365382,0.025424171,jktkwolv_0.png,neutral
132,0.30982772,0.22855292,0.13422215,0.5793455,0.060145617,0.0,0.14289527,0.022402361,1.0,0.068112284,0.54129124,0.3351209,0.21121074,0.0,0.50938225,0.35949308,0.71980715,0.47960576,0.114260234,0.04248281,mlrruvay_0.png,neutral
133,0.40265274,0.17786631,0.31907922,0.5455084,0.050602697,0.0,0.16554381,0.08751107,0.0,0.0139810685,0.13121596,0.15430118,0.45282254,0.0,0.16889834,0.32099494,0.07186548,0.07489906,0.051863845,0.023845248,ychkiagg_0.png,neutral
134,0.5051316,0.32178244,0.19660464,0.6605806,0.074738726,0.0,0.14168067,0.0010479495,0.0,0.027371354,0.28262115,0.24428377,0.5646469,0.0,0.40503013,0.3096104,0.21378253,0.15061781,0.201804,0.07386829,ulmfczvd_0.png,neutral
135,0.61134434,0.33363804,0.21613742,0.45572987,0.09671071,0.0,0.12856613,0.004767886,0.0,0.108359225,0.36352292,0.4159984,0.35997516,0.0,0.15092522,0.49076128,0.0030489236,0.09186588,0.78286284,0.04382757,aywskztb_0.png,neutral
136,0.4786648,0.34719512,0.47467437,0.34429052,0.09676287,0.0,0.12720501,0.0071779424,0.0,0.025158536,0.51597667,0.23093188,0.49211892,0.0,0.47781956,0.20666395,0.077819094,0.06484288,0.19216396,0.027080953,bxzfbuml_0.png,neutral
137,0.17575423,0.065272935,0.07851212,0.26054445,0.098465554,0.0,0.08367267,0.007793486,0.0,0.020206997,0.29814133,0.25500232,0.64843774,0.0,0.39998642,0.55299073,0.008797477,0.08629894,0.60712945,0.042642888,qsglksei_0.png,neutral
138,0.51450574,0.43053183,0.21239227,0.7013202,0.05120832,0.0,0.17119804,0.46436238,0.0,0.09015393,0.26388747,0.15095933,0.20038703,0.0,0.1373799,0.08451461,0.34670845,0.11830599,0.12159396,0.05665789,ipxceimq_0.png,neutral
139,0.7046843,0.38904294,0.35896492,0.6883204,0.09095663,0.0,0.127206,0.0012387154,0.0,0.017525002,0.12764475,0.31906983,0.58070153,0.0,0.40196732,0.3634158,0.81720954,0.08030463,0.25588888,0.045767214,vijbowyy_0.png,neutral
140,0.47265685,0.24692903,0.32389936,0.35971275,0.23815474,0.0,0.18551946,0.015502731,0.0,0.09532212,0.23188396,0.5085609,0.55102575,0.0,0.336612,0.46025795,0.22846207,0.47337246,0.09857547,0.08105425,rcijcnhs_0.png,neutral
141,0.36393055,0.20868243,0.7665522,0.34225425,0.1434223,0.0,0.2413358,0.054629363,1.0,0.023113564,0.23304579,0.6602665,0.37882954,0.0,0.37956396,0.3266383,0.5203289,0.11662087,0.35726258,0.027716208,tkmafwig_0.png,neutral
142,0.6322239,0.25697973,0.30350223,0.37611362,0.10534131,0.0,0.1701982,0.017182369,1.0,0.030226186,0.21884614,0.83043003,0.39149815,0.0,0.59658355,0.47012007,0.36982125,0.18088697,0.41048443,0.05470457,gdilvpik_0.png,neutral
143,0.4218178,0.2969288,0.16003866,0.56118935,0.07575033,0.0,0.13593987,0.0108933635,0.0,0.034374055,0.34181204,0.21672814,0.32506192,0.0,0.31153515,0.28133714,0.7769577,0.0563655,0.03085247,0.03859405,mwtkeyoa_0.png,neutral
144,0.57334864,0.24341244,0.28852344,0.61367553,0.073641114,0.0,0.14430994,0.043938696,1.0,0.047913004,0.39410913,0.46346223,0.41263053,0.0,0.23365714,0.3946307,0.12388368,0.32043666,0.039814204,0.049089294,cbyonfwe_0.png,neutral
145,0.51678085,0.36116973,0.4080788,0.6396153,0.09015611,0.0,0.1238213,0.042855836,0.0,0.02757293,0.27093145,0.30605415,0.34409258,0.0,0.4740877,0.32529974,0.031089803,0.14015919,0.09283182,0.06517441,vmhjasyb_0.png,neutral
146,0.41322485,0.16093625,0.44007698,0.38763824,0.08456851,0.0,0.1791209,0.011007282,0.0,0.019757893,0.1568267,0.27177575,0.29261,0.0,0.15674987,0.12782599,0.04265903,0.07413361,0.32498655,0.046732586,mmkgsatg_0.png,neutral
147,0.47750038,0.21122715,0.40444303,0.37244183,0.10386858,0.0,0.1832381,0.15530168,0.0,0.08098277,0.26033044,0.4689085,0.34051985,0.0,0.43598446,0.4731033,0.0077670417,0.16823398,0.31469214,0.039714932,nhxxgirt_0.png,neutral
148,0.6588674,0.35284847,0.08604269,0.56330246,0.05424914,0.0,0.14924137,0.004713289,0.0,0.039930213,0.18682656,0.1909468,0.29985854,0.0,0.18810566,0.23082426,0.17175251,0.20784612,0.07858738,0.073951356,uwrwlabh_0.png,neutral
149,0.3566389,0.2785629,0.25523132,0.40615082,0.0964993,0.0,0.10198986,0.062224254,0.0,0.061527543,0.25191498,0.37326652,0.3773934,0.0,0.5004952,0.083607726,0.7186155,0.3987354,0.10402969,0.03555347,dvchmzaq_0.png,neutral
150,0.6728785,0.60034966,0.28944275,0.438313,0.07756324,0.0,0.21658406,0.0007681751,1.0,0.047447182,0.15963271,0.45394197,0.39208695,0.0,0.42837784,0.31637245,0.13260294,0.21380107,0.09117945,0.16467617,uniuyjas_0.png,neutral
151,0.44267985,0.43998703,0.2997764,0.4593271,0.07807063,0.0,0.18401909,0.007292536,0.0,0.0747269,0.2541584,0.5545411,0.56100243,0.0,0.3775364,0.5802066,0.0052648713,0.05315017,0.169778,0.05040484,caryzxsf_0.png,neutral
152,0.3455142,0.23035268,0.13957968,0.56200945,0.044223506,0.0,0.07580928,0.0035049384,0.0,0.017155174,0.1776978,0.17143528,0.34829858,0.0,0.2204584,0.11906536,0.033802647,0.14784968,0.095675275,0.041200276,jdjavjyq_0.png,neutral
153,0.2910674,0.19121383,0.52637565,0.47318485,0.11608265,0.0,0.18214755,0.11195675,0.0,0.25399283,0.26050568,0.53440976,0.47161582,0.0,0.32688674,0.22540346,0.0063434974,0.09142689,0.4383881,0.113922335,yckklgnf_0.png,neutral
154,0.5377882,0.32555476,0.4386373,0.65883046,0.058337852,0.0,0.1548956,0.19555065,0.0,0.07450938,0.13571322,0.16776082,0.29216293,0.0,0.34096673,0.34557575,0.7025044,0.17692527,0.27872756,0.029593905,lqasvcsg_0.png,neutral
155,0.40513465,0.41834688,0.1827415,0.67448574,0.07473118,0.0,0.112123065,0.03767929,0.0,0.0115643395,0.18691073,0.35039502,0.50938785,0.0,0.57123643,0.4188528,0.10184585,0.25537398,0.76477396,0.032105427,ywqwrkym_0.png,neutral
156,0.24270555,0.18917394,0.23235069,0.5662125,0.08281648,0.0,0.111028016,0.002601136,1.0,0.016848998,0.28117537,0.24192002,0.5017869,0.0,0.6522757,0.73785233,0.24285632,0.15176314,0.23510483,0.056583773,qoipkjlk_0.png,neutral
157,0.3703529,0.18128969,0.15323256,0.3405136,0.109616846,0.0,0.17456318,0.43583044,1.0,0.10037118,0.58760434,0.14616421,0.4801214,0.0,0.22144845,0.36318013,0.01977077,0.3882806,0.24911971,0.031837802,jsmcdrlp_0.png,neutral
158,0.34581614,0.2334573,0.13861392,0.37212268,0.16010466,0.0,0.082104795,0.0030899667,0.0,0.037565194,0.2716731,0.17963342,0.65703976,0.0,0.44783807,0.22017951,0.043956127,0.049203284,0.066779256,0.063106894,nfayjyzk_0.png,neutral
159,0.6614736,0.38843685,0.64846337,0.4455593,0.08911429,1.0,0.16926853,0.3071599,0.0,0.025523936,0.3372156,0.5725803,0.55531573,0.0,0.7095307,0.50323784,0.007258581,0.073037766,0.20688722,0.023510536,gtgorehv_0.png,neutral
160,0.4625569,0.30762094,0.14246306,0.37119338,0.077233106,0.0,0.22681138,0.005549522,1.0,0.027501382,0.30991504,0.4245449,0.4784365,0.0,0.7640342,0.5609357,0.14597186,0.1604817,0.107380494,0.026159123,mskymrjf_0.png,neutral
161,0.3347861,0.099661924,0.36908686,0.433311,0.06877158,0.0,0.1127193,0.0047128415,1.0,0.0144795,0.20845036,0.23014241,0.44823223,0.0,0.43655115,0.46775386,0.16142236,0.067384094,0.013231428,0.03288453,xxpncbeo_0.png,neutral
162,0.41493148,0.19699794,0.32662383,0.3765893,0.056567688,0.0,0.10148811,0.003839827,1.0,0.011510476,0.24008805,0.19832437,0.42483515,0.0,0.1907299,0.27669272,0.6276692,0.11018489,0.040964667,0.029169096,rcxytrff_0.png,neutral
163,0.66369265,0.70276374,0.27332413,0.5341972,0.105053976,0.0,0.12371246,9.306532e-05,1.0,0.028716119,0.25939456,0.14556701,0.60034734,0.0,0.31608343,0.35784012,0.00671879,0.18826672,0.6839448,0.042601407,pkpsgzyr_0.png,neutral
164,0.4055586,0.45084655,0.28792873,0.6455007,0.039872613,0.0,0.083005235,0.003516905,0.0,0.026439698,0.16687745,0.12407072,0.28120154,0.0,0.18176606,0.13863961,0.018748268,0.17156027,0.23513283,0.034907512,iksvtcrs_0.png,neutral
165,0.28341815,0.09814917,0.43527868,0.3551594,0.04919047,0.0,0.122004785,0.23522016,1.0,0.01772263,0.3273258,0.11552041,0.3007167,0.0,0.3749989,0.09714861,0.9635152,0.33615726,0.13997906,0.025044288,tmndrxsk_0.png,neutral
166,0.3756825,0.13130811,0.19976744,0.504046,0.06031533,0.0,0.20128313,0.0028106782,0.0,0.015213304,0.16595323,0.38932592,0.29286045,0.0,0.3263413,0.22109324,0.000840008,0.054738995,0.8420805,0.07351458,pmvcgpgl_0.png,neutral
167,0.29360983,0.27535546,0.38489702,0.45054933,0.08030618,0.0,0.10953473,0.007959081,0.0,0.008490669,0.21146801,0.11590185,0.444983,0.0,0.5061629,0.41885072,0.1116081,0.04429381,0.045822006,0.043072183,vazouxjn_0.png,neutral
168,0.28544262,0.22460902,0.45883095,0.42287,0.057382606,0.0,0.13454714,0.07390322,0.0,0.028764032,0.6117663,0.46952617,0.31744578,0.0,0.35561374,0.5722377,0.036347143,0.12240361,0.12626988,0.03895584,pbykxkpb_0.png,neutral
169,0.3606162,0.4350804,0.16791303,0.56826586,0.13399616,0.0,0.110332415,0.03025696,1.0,0.057864632,0.15851921,0.17549281,0.48650086,0.0,0.21007098,0.1955568,0.27139175,0.08846038,0.27932802,0.044336174,hmwpcoda_0.png,neutral
170,0.4680326,0.35880014,0.11013368,0.508482,0.069763005,0.0,0.1028683,0.0058521074,0.0,0.0234289,0.16876055,0.06978324,0.28978375,0.0,0.22648497,0.050406422,0.83828294,0.3906101,0.21201889,0.039056893,nprtteli_0.png,neutral
171,0.60050553,0.360902,0.11486966,0.3185016,0.36986148,1.0,0.27938697,0.023253402,0.0,0.2444629,0.32145533,0.19568963,0.5859943,0.0,0.2996893,0.29712042,0.34916097,0.22405078,0.079481356,0.5852933,knponebk_0.png,neutral
172,0.69100356,0.6019011,0.22368792,0.32711625,0.09336748,0.0,0.08935365,0.12941867,0.0,0.03762635,0.12743428,0.02789138,0.48331398,0.0,0.1275621,0.10126596,0.06508583,0.10570215,0.06103833,0.032670103,lvlbnbrq_0.png,neutral
173,0.5888886,0.36475578,0.18331344,0.58972186,0.06379704,0.0,0.14797148,0.0007338627,1.0,0.033421464,0.14688227,0.17683232,0.43264917,0.0,0.21869846,0.1493495,0.29161015,0.053051367,0.16668402,0.039102793,jzcwmybj_0.png,neutral
174,0.3871826,0.2828034,0.9246757,0.3337403,0.097327374,0.0,0.27662328,0.7553457,0.0,0.041494492,0.32613894,0.6053304,0.59418976,0.0,0.583926,0.67308664,0.06100758,0.16072781,0.5167887,0.3937906,hlqozhlu_0.png,neutral
175,0.7120228,0.36315712,0.4035558,0.72367454,0.07816692,0.0,0.11741773,0.0029675346,0.0,0.012904757,0.16828878,0.40061373,0.48588353,0.0,0.5733714,0.3837217,0.39347488,0.061727796,0.33844778,0.042119566,olzfmslp_0.png,neutral
176,0.25438273,0.13900588,0.15341572,0.47076148,0.07071137,0.0,0.1104278,0.0039456747,0.0,0.01865472,0.10069118,0.24985242,0.51417375,0.0,0.36199346,0.3208843,0.017286092,0.06972397,0.10049889,0.04968102,rnzealtx_0.png,neutral
177,0.47338822,0.1214203,0.32422978,0.55532205,0.050078157,0.0,0.110258594,0.15557307,0.0,0.030494286,0.56531185,0.24030901,0.22701722,0.0,0.5237256,0.3651065,0.19574216,0.39971548,0.47662205,0.030852376,eoizyatr_0.png,neutral
178,0.5161386,0.37891302,0.116455965,0.50453043,0.060979377,0.0,0.07550169,0.061086357,0.0,0.02556061,0.29452005,0.25184187,0.39417875,0.0,0.26782012,0.3529841,0.09353563,0.0599207,0.54981726,0.017835101,wpkiiodp_0.png,neutral
179,0.5944362,0.5174999,0.1296129,0.74524873,0.07459612,0.0,0.11968805,0.00204863,0.0,0.047249153,0.26847005,0.5330023,0.6035975,0.0,0.46788368,0.51994145,0.022337237,0.08323314,0.49923015,0.06480409,behynpaa_0.png,neutral
180,0.44739977,0.29952228,0.32243738,0.49383876,0.06884052,0.0,0.12514424,0.012134909,0.0,0.013784781,0.18274534,0.28313315,0.3690439,0.0,0.2655767,0.33974114,0.13101892,0.077775456,0.10405316,0.029580662,cfsfqygd_0.png,neutral
181,0.38224092,0.19578733,0.47426814,0.37561816,0.060874503,0.0,0.18850006,0.022846464,0.0,0.021128608,0.24573919,0.19406232,0.24847326,0.0,0.21965747,0.12509295,0.74437207,0.11092468,0.05313413,0.030906415,chuefacu_0.png,neutral
182,0.58763945,0.43579897,0.37945762,0.31630605,0.06361917,0.0,0.12204695,0.00085287343,0.0,0.018183338,0.13986695,0.1718436,0.34822032,0.0,0.3069618,0.15301439,0.18294908,0.11631895,0.28714907,0.04627225,berwworh_0.png,neutral
183,0.3037963,0.2358576,0.3278145,0.3447897,0.12527171,0.0,0.16486989,0.013101681,1.0,0.117468156,0.37484217,0.43420735,0.409615,0.0,0.6236679,0.29390642,0.040902734,0.2212458,0.44242537,0.030927716,zplnrmde_0.png,neutral
184,0.3444971,0.2001414,0.6338817,0.37347057,0.10398019,0.0,0.1916304,0.023876976,1.0,0.033906925,0.36867306,0.6536115,0.59161705,0.0,0.5639499,0.7047701,0.012051616,0.17802946,0.7313222,0.031300493,fsvksity_0.png,neutral
185,0.5761601,0.24468017,0.21245511,0.72984934,0.056799456,0.0,0.11328255,0.008163963,1.0,0.020008327,0.2229802,0.16671222,0.27277833,0.0,0.17655434,0.1642488,0.7721725,0.19723573,0.10462772,0.029306887,pwiahnnv_0.png,neutral
186,0.52564836,0.37368992,0.531086,0.37960175,0.11115546,0.0,0.22025011,0.4182874,0.0,0.034429215,0.38721138,0.56315506,0.49420232,0.0,0.7161059,0.7706021,0.054406796,0.15908094,0.88925976,0.060373686,fmvuximb_0.png,neutral
187,0.49215096,0.3570754,0.08160154,0.75815505,0.064012006,0.0,0.06882837,0.048314217,0.0,0.027396861,0.4744925,0.2070428,0.7055151,0.0,0.4546468,0.7633308,0.004741686,0.07851504,0.17360401,0.039967675,naciiwbl_0.png,neutral
188,0.45152473,0.14289722,0.44171542,0.47387457,0.08486067,0.0,0.19028582,0.041590087,1.0,0.08487413,0.48777863,0.32087114,0.30154544,0.0,0.2512766,0.5739832,0.085640155,0.13218212,0.23552145,0.03147931,svfibvvx_0.png,neutral
189,0.6646688,0.47963923,0.28653497,0.73335403,0.08134865,0.0,0.10512463,0.04116194,0.0,0.02148389,0.3108733,0.431386,0.593212,0.0,0.7048222,0.2933292,0.55232245,0.060908817,0.0649549,0.04534676,cboverep_0.png,neutral
190,0.38724723,0.18551517,0.10713857,0.52957624,0.059332587,0.0,0.1201562,0.04004404,1.0,0.048639588,0.20918041,0.33412498,0.301369,0.0,0.16479115,0.4039731,0.033007562,0.24358946,0.21400899,0.03828512,lubzatpy_0.png,neutral
191,0.51567346,0.23267569,0.203786,0.38241702,0.12524197,0.0,0.20998831,0.010534528,1.0,0.070905164,0.35957164,0.2501646,0.61110395,0.0,0.19736846,0.3533257,0.2597909,0.10650752,0.12129819,0.028434716,wypanqsb_0.png,neutral
192,0.45949903,0.36255953,0.47950763,0.6464072,0.06644262,0.0,0.1456508,0.0034404884,1.0,0.07126746,0.113464065,0.54038674,0.24079591,0.0,0.31575066,0.32349104,0.057678513,0.08106584,0.16256031,0.041854236,idpalvew_0.png,neutral
193,0.38214108,0.5291337,0.3834557,0.6233349,0.06880021,0.0,0.12416675,0.29201934,1.0,0.025896458,0.1563407,0.7897912,0.2566997,0.0,0.17924802,0.24660595,0.43114975,0.11544268,0.030986318,0.054971267,nszpkbgw_0.png,neutral
194,0.4364641,0.37667555,0.22990827,0.4286114,0.13053256,0.0,0.124643154,0.04069272,1.0,0.24365571,0.5287137,0.45182723,0.51639396,0.0,0.36548617,0.4832781,0.57890874,0.27752078,0.1613979,0.06277612,trtpvpbm_0.png,neutral
195,0.54702467,0.22519168,0.2592354,0.5424757,0.04756718,0.0,0.09295461,0.006557095,0.0,0.014224118,0.2841844,0.11020231,0.3189763,0.0,0.24651267,0.050612967,0.83949846,0.17895187,0.035580043,0.035507847,ccmhzofw_0.png,neutral
196,0.23144676,0.29956347,0.20448074,0.6033434,0.05524409,0.0,0.11749919,0.018546503,0.0,0.02626924,0.37271616,0.37138093,0.30552852,0.0,0.4382139,0.15689903,0.08737185,0.17201291,0.332899,0.053442646,wiizhjed_0.png,neutral
197,0.317985,0.14317481,0.47348377,0.58978415,0.057659388,0.0,0.11877289,0.001213592,0.0,0.035365935,0.33418858,0.30143848,0.29172662,0.0,0.22824499,0.29260457,0.21126449,0.15887006,0.11495603,0.05047575,qqqqqqqq_0.png,neutral
198,0.48553187,0.260745,0.14607829,0.5708215,0.087011956,0.0,0.1534706,0.0020457415,1.0,0.017853938,0.3644934,0.23765567,0.31168428,0.0,0.40978783,0.39427933,0.05680542,0.14874746,0.10424799,0.04345555,rbyjehvs_0.png,neutral
199,0.5667302,0.2328554,0.41888726,0.3094534,0.11591452,0.0,0.19847415,0.27669978,1.0,0.035164133,0.24810164,0.7379933,0.37839893,0.0,0.4468201,0.58233917,0.05836864,0.11214253,0.153364,0.059217587,ixxyznfa_0.png,neutral
200,0.40408105,0.28241536,0.50803894,0.5275384,0.10111751,0.0,0.08608029,0.004930009,1.0,0.037096746,0.3941035,0.15388782,0.6515209,0.0,0.31433952,0.2040222,0.89232004,0.3195696,0.05849873,0.06613606,kivcsxie_0.png,neutral
201,0.6768225,0.5979104,0.18877769,0.54443413,0.22191052,0.0,0.20755062,0.004443709,1.0,0.17310436,0.47545233,0.3717411,0.5464643,0.0,0.40696165,0.5835196,0.53239214,0.39175713,0.36028582,0.18864186,dcondmli_0.png,neutral
202,0.59191847,0.24383952,0.16423017,0.4524368,0.11365883,0.0,0.100822136,0.04440404,1.0,0.05162317,0.36989832,0.15377289,0.43241793,0.0,0.5348744,0.10680688,0.9703664,0.15607318,0.27578405,0.042347096,axelgnme_0.png,neutral
203,0.8075816,0.5211366,0.14579694,0.49494085,0.082301885,0.0,0.0966512,0.0016696085,1.0,0.023792265,0.18833946,0.26642355,0.5635447,0.0,0.4916066,0.08207808,0.98415023,0.45633644,0.25658402,0.09983894,pxtqonwl_0.png,neutral
204,0.374417,0.28786537,0.36279568,0.37376595,0.10801932,0.0,0.097004294,0.00054057344,0.0,0.039240852,0.45248312,0.24184239,0.6583795,0.0,0.56377935,0.83627856,0.014967333,0.1424184,0.39504886,0.031132028,kuclvygi_0.png,neutral
205,0.54648983,0.23814327,0.5625239,0.31196555,0.19488584,1.0,0.2792797,0.006736769,0.0,0.07683233,0.34191567,0.67291826,0.66044056,0.0,0.6045091,0.74254787,0.29832584,0.11105786,0.6005105,0.107379094,wwaqnlea_0.png,neutral
206,0.47357157,0.13402957,0.83212334,0.3680862,0.27735353,0.0,0.19956365,0.020187916,0.0,0.051807165,0.35347864,0.2778328,0.43878686,0.0,0.50310385,0.45279095,0.46167862,0.40341026,0.41440353,0.070131354,bnvvubew_0.png,neutral
207,0.4546847,0.3725848,0.539579,0.32259256,0.1296006,0.0,0.23524994,0.32978162,0.0,0.056779377,0.33783907,0.7067819,0.6469192,0.0,0.46330613,0.7638559,0.021396682,0.30049533,0.48265314,0.048267256,hknjfevs_0.png,neutral
208,0.3761252,0.18711548,0.80041397,0.38900435,0.06772124,0.0,0.22682546,0.022329329,1.0,0.012466461,0.1335245,0.12840612,0.49494937,0.0,0.51504123,0.24893403,0.97204566,0.078002274,0.20259741,0.041953143,jxmjthry_0.png,neutral
209,0.4255595,0.37280732,0.25127646,0.70683116,0.11586923,0.0,0.15762907,0.35596347,0.0,0.18454902,0.5910524,0.084611416,0.42435655,0.0,0.6264181,0.8781896,0.07390616,0.60061836,0.58547556,0.06454107,zvzzrxho_0.png,neutral
210,0.42827094,0.21815954,0.4541257,0.38056856,0.21077757,0.0,0.1519344,0.12819223,1.0,0.10465812,0.30115354,0.29479358,0.5242056,0.0,0.38416353,0.21942681,0.6135159,0.1603373,0.056187876,0.055795692,bgyosaes_0.png,neutral
211,0.7478933,0.4647423,0.28567284,0.7195023,0.062054142,0.0,0.12385181,0.001820541,0.0,0.06007907,0.18857951,0.25032234,0.25268787,0.0,0.14656499,0.124724075,0.49678668,0.28443035,0.33052623,0.04050175,bgasdkmy_0.png,neutral
212,0.48355564,0.32702038,0.14158024,0.49098992,0.049932584,0.0,0.105758704,3.975591e-05,1.0,0.016292127,0.22778468,0.3046737,0.39471358,0.0,0.5832509,0.53191054,0.001747118,0.11319048,0.20977561,0.029653108,sybukdwk_0.png,neutral
213,0.15209593,0.09250406,0.18257731,0.4412221,0.052025642,0.0,0.15192597,0.010734094,0.0,0.050171558,0.25819424,0.07239395,0.26050407,0.0,0.18259706,0.04622086,0.027383517,0.11287699,0.22672443,0.030385816,wnfmpnsv_0.png,neutral
214,0.44836485,0.39504862,0.2805676,0.36612302,0.13519944,0.0,0.10094456,0.006890946,0.0,0.03247169,0.130691,0.18642418,0.42593053,0.0,0.1439884,0.050600115,0.043044746,0.048003223,0.2585202,0.036574878,qcxqhpry_0.png,neutral
215,0.5498443,0.21355018,0.5639191,0.71258736,0.05400929,0.0,0.1517173,0.02484936,1.0,0.034136448,0.25769204,0.14731333,0.3526091,0.0,0.3184928,0.18169309,0.53779435,0.13301045,0.13529868,0.05084138,xlxwtoio_0.png,neutral
216,0.34364635,0.16261764,0.55974114,0.71328133,0.04690702,0.0,0.10603834,0.00073802646,0.0,0.015579032,0.19151534,0.07011817,0.29111856,0.0,0.2518143,0.3709852,0.46876118,0.10834831,0.019805828,0.05251669,mqmkjzrl_0.png,neutral
217,0.37395507,0.14734247,0.61718607,0.4974416,0.17647049,0.0,0.11662761,0.04637304,0.0,0.023894094,0.07567498,0.19728477,0.40061882,1.0,0.24197371,0.017883604,0.997472,0.76809263,0.07001103,0.12707841,qsdfsasd_0.png,neutral
218,0.4152738,0.18765436,0.34852055,0.3318513,0.045805983,1.0,0.1761558,0.015927164,1.0,0.012626114,0.082737915,0.12056905,0.2186611,0.0,0.16201839,0.13295047,0.66157,0.070748664,0.05989726,0.026794687,zwkxaafz_0.png,neutral
219,0.56097645,0.32296547,0.39296934,0.33255833,0.040891845,1.0,0.110572904,0.013587057,1.0,0.024194136,0.11477888,0.10415683,0.32625598,0.0,0.28149268,0.0904078,0.6615165,0.45284307,0.37442684,0.022065548,mrjkhjoc_0.png,neutral
220,0.4827158,0.1798283,0.71132,0.35609618,0.106374525,0.0,0.17759582,0.015817419,0.0,0.030359054,0.5320398,0.7084881,0.46532896,0.0,0.58445203,0.7331034,0.05713237,0.25774732,0.83540475,0.042512167,mbtqztjx_0.png,neutral
221,0.23872621,0.15862347,0.19206356,0.563279,0.08480355,0.0,0.09778307,0.021909703,0.0,0.038882278,0.26309127,0.19795817,0.38311827,0.0,0.36404628,0.6327496,0.012783001,0.19181192,0.2824049,0.028121023,osrgunnx_0.png,neutral
222,0.42618266,0.42379823,0.17442878,0.6153142,0.054755945,0.0,0.08220889,0.003183225,0.0,0.04261073,0.14997233,0.1087441,0.2616122,0.0,0.18180764,0.24136373,0.054988302,0.08494755,0.29888538,0.043093845,xlaneczc_0.png,neutral
223,0.46860534,0.44841328,0.23496625,0.52929014,0.10953288,0.0,0.15158314,0.0017670669,1.0,0.08116072,0.26933846,0.06651888,0.36717063,0.0,0.31357694,0.11357914,0.9406599,0.10760887,0.4077151,0.3251066,inxrolry_0.png,neutral
224,0.51872504,0.35420132,0.16636077,0.6704808,0.079907656,1.0,0.24029417,0.008778544,0.0,0.057473823,0.3959065,0.17474183,0.37755314,0.0,0.39089695,0.3979704,0.08403241,0.25340042,0.54840076,0.07433986,hxqjxcuz_0.png,neutral
225,0.48151827,0.5494597,0.12716521,0.47075328,0.085136026,0.0,0.09121544,0.0022771475,1.0,0.038928293,0.15342963,0.085631885,0.44662637,0.0,0.2076425,0.10614486,0.1505594,0.077382125,0.043146867,0.02385146,ncxttgei_0.png,neutral
226,0.19172794,0.21612486,0.15834595,0.5109259,0.052879155,0.0,0.07904891,0.0010182079,0.0,0.022531306,0.15712748,0.030181449,0.28569767,0.0,0.1492047,0.25860733,0.2990253,0.12905839,0.053770658,0.024781981,rmlarwhs_0.png,neutral
227,0.5568666,0.18240522,0.6252678,0.37414002,0.08252793,0.0,0.14870733,0.0016608126,0.0,0.030821564,0.27045378,0.24148385,0.37400198,0.0,0.319834,0.23777036,0.079562455,0.053889044,0.16293232,0.051927943,nalamqdm_0.png,neutral
228,0.73664874,0.42414725,0.4162593,0.4308292,0.08490534,0.0,0.11708931,0.046511654,0.0,0.0237422,0.17187868,0.1391071,0.62350994,0.0,0.15496871,0.10964069,0.42573848,0.11872625,0.0956816,0.117949605,jvrwzheu_0.png,neutral
229,0.40574118,0.09434206,0.6215845,0.32782,0.0913037,0.0,0.09607838,0.013064733,0.0,0.025454057,0.20846406,0.44019073,0.4504867,0.0,0.6403292,0.07037387,0.9705832,0.16750951,0.10757892,0.097588025,edsleblb_0.png,neutral
230,0.27001202,0.22374502,0.41639313,0.60538805,0.044566732,0.0,0.09450014,0.05756125,0.0,0.025596175,0.2404698,0.21382673,0.2945282,0.0,0.36551753,0.24708712,0.06391756,0.18650593,0.31983545,0.031026285,xgrlcmag_0.png,neutral
231,0.37107706,0.34032467,0.1256017,0.5816313,0.05649794,0.0,0.15684268,0.0139668435,0.0,0.03585957,0.21282984,0.1956082,0.2596596,0.0,0.16801004,0.3099324,0.034703847,0.29490915,0.068689175,0.028503193,fdpqfzrl_0.png,neutral
232,0.45972976,0.35121292,0.38187408,0.37394086,0.10621509,0.0,0.105838574,0.16219926,1.0,0.038254034,0.65183705,0.57314074,0.66623735,0.0,0.81685257,0.64772373,0.0045247665,0.13022043,0.4149975,0.030683624,zisjbwht_0.png,neutral
233,0.50346905,0.27261484,0.17502229,0.63959986,0.07976714,0.0,0.09041318,0.0018358366,0.0,0.021786632,0.12205357,0.2471195,0.4816281,0.0,0.46932453,0.6452903,0.41209275,0.31622723,0.16573542,0.038861137,ukfwtxwd_0.png,neutral
234,0.46215007,0.37679407,0.17731489,0.5935291,0.073496915,0.0,0.15701434,0.01046714,0.0,0.037355907,0.107909895,0.1924158,0.30098647,0.0,0.25067526,0.18040848,0.43024266,0.049213547,0.03840377,0.053620145,pmfornlb_0.png,neutral
235,0.50591385,0.36032873,0.24655226,0.7205383,0.058195915,0.0,0.11514674,0.00015693641,0.0,0.029619599,0.16732769,0.20871937,0.43051293,0.0,0.33695942,0.28842875,0.0300097,0.06709932,0.035229478,0.066605076,rlbjlblu_0.png,neutral
236,0.29461423,0.19595347,0.6246277,0.70470464,0.07157076,0.0,0.10841752,0.026353134,0.0,0.026358614,0.18393463,0.2517035,0.45610726,0.0,0.45574588,0.23439734,0.36257935,0.1586723,0.29642174,0.02629854,dfihbufr_0.png,neutral
237,0.46799144,0.3407696,0.42692298,0.3843605,0.061926924,0.0,0.15049352,0.031236948,0.0,0.014625234,0.10650051,0.22654407,0.23627645,0.0,0.13795733,0.15095988,0.76670426,0.12467865,0.027213125,0.03867078,kwwydroc_0.png,neutral
238,0.3444393,0.22405736,0.2155123,0.4977853,0.07729871,0.0,0.07841594,0.0009550975,0.0,0.009289199,0.078844406,0.09885696,0.52740157,0.0,0.41918272,0.13164373,0.7494042,0.082494676,0.03677055,0.038113855,sidjmqkc_0.png,neutral
239,0.5778041,0.4695932,0.49464783,0.4050308,0.10087232,0.0,0.15998805,0.3161647,1.0,0.0229745,0.5779122,0.3711116,0.5129763,0.0,0.6355303,0.7676183,0.1552412,0.41850564,0.34263802,0.023552325,bjjtiumb_0.png,neutral
240,0.67832994,0.5128356,0.35035035,0.40930268,0.20296937,0.0,0.1313101,0.28024796,0.0,0.13213924,0.23499574,0.48674545,0.46356913,0.0,0.21847945,0.041692205,0.9933461,0.34245932,0.12688524,0.084421225,hwupzyxr_0.png,neutral
241,0.6144557,0.35468698,0.41000023,0.33261412,0.29577225,0.0,0.24435616,0.577233,0.0,0.30237982,0.40411484,0.6919769,0.730738,0.0,0.766231,0.8223314,0.0091821775,0.039370995,0.16439658,0.022748066,jvpipkkn_0.png,neutral
242,0.35838264,0.28754085,0.6053898,0.36205178,0.098642185,0.0,0.15512417,0.0014256475,1.0,0.02261795,0.4281949,0.43179506,0.45913818,0.0,0.53534853,0.40476158,0.32745916,0.49939153,0.3951796,0.057009805,fvymrjpt_0.png,neutral
243,0.6343919,0.22846048,0.34328032,0.4595722,0.09993285,0.0,0.1207079,0.0076798634,1.0,0.053208597,0.2686995,0.3864438,0.42198795,0.0,0.17294198,0.54252654,0.07199894,0.0587945,0.23028074,0.07841517,ervzlnaf_0.png,neutral
244,0.47842172,0.46630546,0.42429632,0.71992725,0.07370086,0.0,0.12671688,0.00018862796,0.0,0.03180068,0.13146818,0.6336202,0.62257075,0.0,0.40124318,0.71559143,0.34070313,0.03763557,0.21912949,0.05064736,nofqgnvh_0.png,neutral
245,0.53879905,0.120559335,0.7870864,0.61859393,0.04414854,0.0,0.13408983,0.009904057,1.0,0.018226756,0.1079968,0.23868226,0.26355976,0.0,0.12864026,0.18145174,0.7847467,0.36637557,0.32719028,0.036659814,kzlstgls_0.png,neutral
246,0.3701835,0.28383046,0.42521846,0.5624116,0.1421225,0.0,0.12330203,0.023150107,0.0,0.032421354,0.34867978,0.10967579,0.3988093,0.0,0.3469443,0.18305345,0.8758111,0.116201006,0.29474732,0.031067442,vulzquof_0.png,neutral
247,0.26580524,0.17947239,0.1637207,0.3758322,0.09136664,0.0,0.11367794,0.0016700617,0.0,0.020995257,0.11301125,0.23542881,0.347343,0.0,0.10946046,0.2575096,0.7942987,0.08454122,0.24929029,0.044860214,mlmckrnm_0.png,neutral
248,0.35405263,0.18330151,0.50605106,0.50838655,0.09403706,0.0,0.12370721,0.01800501,0.0,0.036400717,0.2511453,0.10685972,0.48566613,0.0,0.22932315,0.113304004,0.9251779,0.22418317,0.07386546,0.037117667,wzlanwgt_0.png,neutral
249,0.38035583,0.25301835,0.2993781,0.31042728,0.0980842,0.0,0.20611374,0.016909737,0.0,0.028833255,0.17370291,0.35212022,0.30916786,0.0,0.15829834,0.25621167,0.27779698,0.13043362,0.6426309,0.04261044,klkppiat_0.png,neutral
250,0.6089075,0.2852063,0.17570561,0.4630594,0.057023585,0.0,0.1442537,0.0223339,0.0,0.025480833,0.1653605,0.1434123,0.25266504,0.0,0.15191944,0.1250872,0.10517588,0.085843965,0.32751474,0.032007065,bgylubjt_0.png,neutral
251,0.29594934,0.22456828,0.58808964,0.39297086,0.13976674,1.0,0.15061943,0.0032640253,1.0,0.20581512,0.45407107,0.27254006,0.36797303,0.0,0.692127,0.72857505,0.21060374,0.30983347,0.3392909,0.06429774,vsogciuy_0.png,neutral
252,0.34362486,0.20920858,0.40756166,0.6290284,0.08144094,0.0,0.14693849,0.22572014,0.0,0.047272485,0.18504302,0.31634715,0.3099013,0.0,0.23744476,0.12004863,0.13834904,0.12231996,0.18219732,0.04208621,mfpfxdey_0.png,neutral
253,0.49107683,0.4475628,0.07552526,0.48527166,0.09386661,0.0,0.07500217,0.0007198224,0.0,0.014328838,0.24017052,0.3618415,0.5717874,0.0,0.38904494,0.20104663,0.036966417,0.056112807,0.119218625,0.0621414,ujczwabg_0.png,neutral
254,0.5177953,0.20305146,0.18209893,0.5837229,0.10547701,0.0,0.124065526,0.05517972,0.0,0.11982418,0.33515093,0.38633764,0.5073701,0.0,0.4990254,0.62427926,0.49835816,0.18134591,0.6119494,0.07870271,ovfgwkzg_0.png,neutral
255,0.3988665,0.30998895,0.41512248,0.5292475,0.15285097,1.0,0.20834455,0.14957261,1.0,0.11076137,0.19243257,0.45444936,0.44756526,0.0,0.4155081,0.6357255,0.04659986,0.2653139,0.14379692,0.031186324,vfrgjetx_0.png,neutral
256,0.3420652,0.5360694,0.38453394,0.6597554,0.03879869,0.0,0.11708909,0.00025039937,0.0,0.016370837,0.23008235,0.14219011,0.27548984,0.0,0.28355634,0.33777347,0.24585362,0.22584537,0.117997095,0.036147244,hjvdyaxp_0.png,neutral
257,0.50794625,0.31546873,0.05523257,0.5018467,0.063993566,0.0,0.12325549,0.0024214885,0.0,0.031499192,0.33682585,0.13445418,0.31233767,0.0,0.41745198,0.2963222,0.6618081,0.71859735,0.10779734,0.08032779,oyzrnbwo_0.png,neutral
258,0.29593784,0.15395662,0.2626542,0.4603272,0.07486358,0.0,0.10384291,0.00042629338,0.0,0.014607995,0.12042907,0.082050264,0.5126152,0.0,0.13823806,0.17071237,0.00859891,0.065471396,0.13820599,0.04842408,comhblru_0.png,neutral
259,0.47272244,0.18583073,0.38070554,0.70411223,0.08361779,0.0,0.16720288,0.0015649624,1.0,0.034821797,0.18771651,0.15942192,0.5389565,0.0,0.31829938,0.40605432,0.16493355,0.068584606,0.06714071,0.05226429,tvilewfl_0.png,neutral
260,0.5871764,0.18918906,0.30830857,0.55164504,0.06621496,0.0,0.108662754,0.0046507306,1.0,0.015383893,0.3517292,0.16913217,0.30765086,0.0,0.47304899,0.24671239,0.6972572,0.263113,0.083898686,0.08406695,bdvxomgy_0.png,neutral
261,0.6120557,0.30880803,0.349713,0.73413247,0.07189122,0.0,0.13632001,0.0042974185,0.0,0.029425759,0.058150183,0.27028218,0.2550427,0.0,0.15337133,0.06853092,0.370267,0.16016944,0.04232061,0.033784367,jrrafjvr_0.png,neutral
262,0.702014,0.44267216,0.1885838,0.739296,0.07838108,0.0,0.11609455,0.23943713,1.0,0.01667628,0.06597929,0.2451524,0.40693074,0.0,0.21146908,0.060086485,0.91253805,0.10130667,0.09061325,0.04236932,sfzbmfsr_0.png,neutral
263,0.70539594,0.41748002,0.410563,0.3073404,0.36125082,0.0,0.580064,0.08528982,0.0,0.31437257,0.5987497,0.47820124,0.48203123,0.0,0.33950293,0.37520814,0.81000745,0.35879317,0.36507827,0.31109348,fvbjyjsx_0.png,neutral
264,0.4814605,0.13796774,0.7088793,0.357256,0.09378899,0.0,0.093046784,0.1980127,0.0,0.024441797,0.49725586,0.73805153,0.5634915,0.0,0.30931482,0.7687996,0.009344707,0.07376988,0.42904198,0.0869206,dsarlarv_0.png,neutral
265,0.20116493,0.17415953,0.2124134,0.4164553,0.048301633,0.0,0.13099755,0.58586454,1.0,0.026495788,0.50893223,0.34766722,0.37160215,0.0,0.535498,0.69751877,0.104754545,0.07368037,0.26640344,0.056805857,nqpkppoj_0.png,neutral
266,0.20672001,0.13283592,0.45034486,0.30148935,0.07707817,0.0,0.075350255,0.003064665,0.0,0.018182978,0.26752785,0.30553883,0.6770759,0.0,0.45195326,0.7317094,0.040679358,0.029116,0.16258262,0.045007795,wndbftzw_0.png,neutral
267,0.37191024,0.24227418,0.17362545,0.3264931,0.074843444,0.0,0.12728722,0.0074676843,1.0,0.02645259,0.31711942,0.08162169,0.42631453,0.0,0.1469002,0.31809276,0.09342308,0.049620695,0.22097214,0.0414476,pxurnsww_0.png,neutral
268,0.5826887,0.3142536,0.19600317,0.62732023,0.09036964,0.0,0.15796979,0.045734998,1.0,0.047103353,0.33625108,0.46545774,0.604573,0.0,0.5068266,0.61584914,0.2014862,0.36822522,0.30166844,0.05433743,mrjjfuso_0.png,neutral
269,0.28614467,0.26734668,0.24858229,0.58407533,0.06061619,0.0,0.09176042,0.03910411,0.0,0.09538087,0.4251859,0.39571795,0.3808371,0.0,0.3493795,0.78491837,0.011695242,0.40092453,0.43839455,0.026940534,kldniftj_0.png,neutral
270,0.58066106,0.26798332,0.37333867,0.44931698,0.09377626,0.0,0.1939133,0.005183225,0.0,0.025868999,0.2719689,0.1150984,0.29855368,0.0,0.16572872,0.13259013,0.9529332,0.16742362,0.24768083,0.07230145,zpfblozn_0.png,neutral
271,0.47757104,0.09121609,0.4586119,0.37860203,0.09506309,0.0,0.09411461,0.005709777,1.0,0.015614693,0.220464,0.19974801,0.53167236,0.0,0.3543024,0.2847425,0.06923004,0.028189266,0.25760713,0.026047722,igbqmkio_0.png,neutral
272,0.36083436,0.29331174,0.1352257,0.49034995,0.092023954,0.0,0.11656388,0.0003615673,0.0,0.051894654,0.18734743,0.46109444,0.3912824,0.0,0.3119338,0.5086064,0.057247262,0.08313997,0.17805323,0.043709133,fkslnbca_0.png,neutral
273,0.64762664,0.34286314,0.41868433,0.5350842,0.08156625,0.0,0.16355121,0.01525145,0.0,0.024504775,0.1715526,0.3341053,0.5346891,0.0,0.2242542,0.17591009,0.688135,0.1600674,0.10684707,0.06688837,mpoviomq_0.png,neutral
274,0.16555293,0.081216045,0.3488838,0.64748275,0.044152513,0.0,0.09830251,0.024037618,0.0,0.07449352,0.4575227,0.18730085,0.22428156,0.0,0.27641937,0.31658068,0.01354226,0.1426403,0.54941934,0.02708179,ylwerygl_0.png,neutral
275,0.40627715,0.2515359,0.26189622,0.47310096,0.0947605,0.0,0.07587327,0.046075873,0.0,0.042017788,0.55651456,0.32255286,0.6221752,0.0,0.56576616,0.87885815,0.13863873,0.18177012,0.1109106,0.028778268,sgomrftl_0.png,neutral
276,0.4159189,0.2113373,0.26737466,0.38429388,0.075403444,0.0,0.1537734,0.004766811,0.0,0.043517698,0.22277892,0.18901546,0.42750487,0.0,0.7714507,0.60863864,0.20543033,0.14576092,0.08257677,0.044559494,anavqmjd_0.png,neutral
277,0.481664,0.26888344,0.2958568,0.3120161,0.12301964,0.0,0.13480753,0.029870858,1.0,0.050956428,0.1724443,0.3087569,0.3448344,0.0,0.41439325,0.080813624,0.9463079,0.10638825,0.02260946,0.033057135,ttrxwqmy_0.png,neutral
278,0.46239504,0.23949236,0.14622232,0.75384873,0.11175232,1.0,0.12886687,0.009198621,1.0,0.13542956,0.4889052,0.21441355,0.50869006,0.0,0.42428648,0.7522242,0.12153821,0.10537022,0.1936088,0.09848435,opwljlyi_0.png,neutral
279,0.39533955,0.120252326,0.94080806,0.32657358,0.2967732,1.0,0.7294408,0.20293683,1.0,0.053647954,0.6383142,0.8839996,0.6496732,0.0,0.66712034,0.44555238,0.08461645,0.099564284,0.42924553,0.34793216,rxpdjpuz_0.png,neutral
280,0.5517728,0.1579481,0.46713787,0.3550413,0.11224882,1.0,0.09796421,0.001452802,0.0,0.023698699,0.089842044,0.21290827,0.47418845,0.0,0.31492683,0.06478851,0.63161886,0.27332875,0.041381113,0.031140186,hqynhpqp_0.png,neutral
281,0.6647523,0.20845784,0.84126794,0.3689092,0.056080643,0.0,0.16472735,0.041860633,0.0,0.012083991,0.1576876,0.8324686,0.37133127,0.0,0.26732638,0.19266056,0.44005683,0.16996121,0.5174077,0.025714228,euevborq_0.png,neutral
282,0.24059333,0.32973656,0.36633223,0.57148397,0.05655065,0.0,0.073352486,0.0012903867,0.0,0.015124093,0.10228628,0.11139012,0.37495697,0.0,0.5020226,0.4270356,0.077022135,0.3605157,0.0861845,0.025838226,zoakdolm_0.png,neutral
283,0.38629553,0.19776009,0.04703895,0.5260613,0.062346034,0.0,0.08197458,0.0150833065,1.0,0.012326588,0.12458963,0.07506958,0.3504015,0.0,0.18591945,0.27710128,0.042077154,0.18742171,0.06059128,0.024144514,nkdnnndl_0.png,neutral
284,0.5049586,0.32004794,0.4215797,0.7155502,0.061151862,0.0,0.20507906,0.015569412,0.0,0.019887289,0.3555294,0.7460391,0.3533553,0.0,0.28002444,0.5526417,0.03450274,0.22115703,0.33935478,0.044143133,cvlwwwbq_0.png,neutral
285,0.45104796,0.3198127,0.3228508,0.3707649,0.3307141,1.0,0.15025847,0.2515796,1.0,0.6024503,0.72550815,0.58624285,0.50277376,0.0,0.62478477,0.77298635,0.14975958,0.0653799,0.27656662,0.037492905,rsdnfhpj_0.png,neutral
286,0.35654572,0.24500504,0.22068478,0.43118316,0.058567926,0.0,0.095820345,0.007218374,1.0,0.015157413,0.24413957,0.029448263,0.49159855,0.0,0.35476443,0.38182846,0.03134256,0.14201356,0.007226138,0.0404418,jafgjyst_0.png,neutral
287,0.45605767,0.35554576,0.116109625,0.55768913,0.10954885,0.0,0.0992075,0.014585244,0.0,0.17445725,0.3373942,0.30621588,0.48489702,0.0,0.48127833,0.45376563,0.087969,0.05707034,0.0633203,0.028692627,yenytbfx_0.png,neutral
288,0.3059995,0.21798992,0.4721046,0.7235195,0.09581024,0.0,0.18612985,0.13769084,0.0,0.039212115,0.28294802,0.5538267,0.30021656,0.0,0.40247485,0.4561847,0.003918516,0.04512168,0.46374813,0.039251853,ybkibkcb_0.png,neutral
289,0.4421688,0.12924679,0.5650563,0.34094468,0.08061827,0.0,0.15134576,0.010136945,1.0,0.021313807,0.50223035,0.31179348,0.37937766,0.0,0.50710386,0.4689473,0.001137513,0.24292167,0.40672156,0.03413472,emdagynn_0.png,neutral
290,0.44033006,0.30982226,0.54203904,0.7204894,0.034973733,0.0,0.12105198,0.2302721,0.0,0.021294987,0.16281337,0.25537583,0.2573056,0.0,0.1692292,0.15790218,0.25567406,0.08670642,0.32250535,0.06802538,ncvnlbef_0.png,neutral
291,0.55058736,0.28724825,0.2510498,0.57730526,0.08227779,0.0,0.11507076,0.004896859,0.0,0.019058783,0.16335435,0.4147945,0.5693997,0.0,0.5533897,0.29714638,0.09165032,0.13515761,0.25485742,0.02588851,euwmmjxq_0.png,neutral
292,0.37756523,0.24043834,0.10293208,0.70525056,0.056913048,0.0,0.091856316,0.00016206682,0.0,0.021911798,0.22048052,0.107286215,0.4090971,0.0,0.19003113,0.20401688,0.3354075,0.16258238,0.109807,0.032961443,ciggeafk_0.png,neutral
293,0.5172868,0.42245197,0.2183132,0.35172638,0.12950693,0.0,0.17233746,0.043037035,0.0,0.031257886,0.19088328,0.15708798,0.31626806,0.0,0.1053707,0.18112424,0.33463594,0.10316532,0.09479797,0.033885684,puwkkvqb_0.png,neutral
294,0.50000125,0.4762423,0.25466773,0.7549048,0.06567825,0.0,0.11720508,0.016853712,0.0,0.038121007,0.0633958,0.09008635,0.26878405,0.0,0.13496323,0.08070297,0.3130823,0.1918923,0.2746774,0.046534896,uvyabush_0.png,neutral
295,0.628424,0.4492527,0.41017243,0.37176716,0.103373475,0.0,0.14845683,0.100436114,1.0,0.050095443,0.19848824,0.29722613,0.45484647,0.0,0.3485795,0.11159121,0.7132963,0.15216836,0.045834932,0.09713013,dgekzbfb_0.png,neutral
296,0.73712105,0.54965955,0.11774487,0.57917315,0.078070976,0.0,0.10553042,0.003197817,0.0,0.02440145,0.08021997,0.03711155,0.400424,0.0,0.2449335,0.020454332,0.8643189,0.42941472,0.17266198,0.17060459,cidxjhbm_0.png,neutral
297,0.48682702,0.34433985,0.3446486,0.73845553,0.08498753,0.0,0.09907756,0.0061772913,1.0,0.06422887,0.28654093,0.13467935,0.4216395,0.0,0.28535604,0.68145514,0.5041004,0.18828112,0.055499773,0.042556237,nlsgcvrv_0.png,neutral
298,0.54488873,0.5391093,0.15936428,0.38342658,0.21877068,1.0,0.30504364,0.035163138,0.0,0.14500643,0.14557476,0.27277648,0.4188017,0.0,0.37725747,0.20504071,0.8417208,0.3980971,0.059039406,0.37540218,nkdjcjsx_0.png,neutral
299,0.69256085,0.40969548,0.39353147,0.6942218,0.06829691,0.0,0.094490945,0.01230566,0.0,0.017872762,0.27286774,0.22168373,0.51921785,0.0,0.2675126,0.27696094,0.023123598,0.13305232,0.37829164,0.06096212,hlycfzop_0.png,neutral
300,0.39976248,0.10206008,0.55132025,0.54925936,0.041471407,0.0,0.15303983,0.05690785,0.0,0.017009936,0.19311155,0.12559499,0.2739058,0.0,0.3107002,0.07341187,0.3393434,0.26542217,0.1234222,0.032013047,qsdflknl_0.png,neutral
301,0.17988108,0.060997214,0.71675813,0.4228846,0.082977004,0.0,0.17488536,0.027048865,0.0,0.009860009,0.17636201,0.061870556,0.3698313,0.0,0.13048616,0.119448826,0.26499137,0.24542199,0.2024657,0.031843755,lawdmjja_0.png,neutral
302,0.6563792,0.40744618,0.32746717,0.4005281,0.05467144,0.0,0.13933527,0.017207608,0.0,0.02095948,0.20118171,0.3500882,0.31140557,0.0,0.21057671,0.18337396,0.52355796,0.23320837,0.067331836,0.056540187,cnrjborx_0.png,neutral
303,0.57104707,0.41798744,0.054907564,0.530594,0.06953934,0.0,0.07727055,0.0050567226,0.0,0.019470239,0.22281665,0.25981733,0.38647583,0.0,0.66152215,0.40254185,0.06580056,0.08949372,0.11262544,0.05746069,xoydnksb_0.png,neutral
304,0.49694684,0.34880888,0.49826178,0.6965714,0.07496131,0.0,0.1390229,0.0344525,1.0,0.033935774,0.19443013,0.18230088,0.47738418,0.0,0.3523199,0.29335827,0.03752298,0.078265086,0.2488442,0.039792456,jyntqwnu_0.png,neutral
305,0.40780932,0.26318797,0.41894168,0.72956085,0.048425168,0.0,0.15878144,0.01977969,1.0,0.027840003,0.14268781,0.38148493,0.27570483,0.0,0.19131392,0.093847305,0.8209855,0.12520054,0.12872763,0.037145287,skdjebnd_0.png,neutral
306,0.46464434,0.14227915,0.13214755,0.54419917,0.0767349,0.0,0.07445709,0.060595937,1.0,0.012525036,0.10242289,0.12887639,0.25953934,0.0,0.1817698,0.22016142,0.28731596,0.03869978,0.101465635,0.034012612,dyqfbdyq_0.png,neutral
307,0.28431493,0.09762864,0.34431562,0.4275742,0.06665124,0.0,0.0799419,0.006185268,0.0,0.012296483,0.066233575,0.1005372,0.42622793,0.0,0.44571635,0.31414625,0.065962836,0.08221438,0.098362274,0.029333878,vbnzovms_0.png,neutral
308,0.41365388,0.19097249,0.3175879,0.2904124,0.10471361,0.0,0.16412386,0.008444592,0.0,0.07324832,0.2813589,0.36139312,0.36136073,0.0,0.54633933,0.64778906,0.0033487137,0.1676892,0.33350375,0.024613569,balgskek_0.png,neutral
309,0.4852646,0.4164059,0.44994533,0.72248286,0.076622754,0.0,0.13196255,0.0034860917,0.0,0.021872936,0.10913487,0.24333067,0.3895284,0.0,0.22390151,0.28605023,0.00799343,0.12542962,0.07459194,0.038225975,ykuxsuec_0.png,neutral
310,0.63252133,0.45795393,0.1548661,0.6421414,0.10259647,0.0,0.13896146,0.006422848,1.0,0.055284783,0.29027534,0.20823552,0.454061,0.0,0.2902251,0.11961562,0.3449889,0.08440112,0.16991702,0.06554547,iumigizw_0.png,neutral
311,0.52348506,0.28362048,0.18314083,0.46260852,0.1076837,0.0,0.11164312,0.012716349,0.0,0.02960891,0.16722651,0.7001465,0.55033374,0.0,0.34081557,0.4178924,0.9837535,0.601575,0.04277914,0.24068269,fjepkjbd_0.png,neutral
312,0.33335787,0.43487313,0.08018283,0.407187,0.10380216,0.0,0.08426317,0.006998839,0.0,0.01994158,0.13079387,0.238393,0.44144917,0.0,0.216376,0.4736903,0.30110425,0.061839294,0.32417333,0.018620033,sfewmjdf_0.png,neutral
313,0.53212005,0.26422578,0.09231677,0.58248323,0.055782944,0.0,0.16894123,0.03931059,1.0,0.02872537,0.4115561,0.07268776,0.31235483,0.0,0.07042324,0.2567679,0.76246333,0.24976473,0.059573945,0.029154867,wacqafot_0.png,neutral
314,0.33678454,0.26399493,0.33452028,0.39980325,0.042386618,0.0,0.09862879,0.011584103,1.0,0.02683926,0.4035231,0.25970408,0.32918695,0.0,0.6025,0.19283073,0.13260901,0.08253378,0.22421567,0.038553916,vreneajv_0.png,neutral
315,0.53408843,0.17452176,0.7680364,0.3979174,0.2467794,0.0,0.24074447,0.22836699,1.0,0.1311246,0.5778338,0.622707,0.6522935,0.0,0.62847424,0.7306914,0.23569527,0.35100916,0.2916693,0.026769934,jekrdera_0.png,neutral
316,0.35467923,0.14809752,0.69466805,0.5292658,0.075306796,0.0,0.11020173,0.15357389,0.0,0.027844004,0.16207488,0.460807,0.29354548,0.0,0.39010784,0.23790118,0.642456,0.31522113,0.21663375,0.04286665,qjvebhsr_0.png,neutral
317,0.2432058,0.22423504,0.37945935,0.5587291,0.086672865,0.0,0.118372805,0.009624776,0.0,0.027086442,0.32340103,0.14834122,0.27616274,0.0,0.4079606,0.18105714,0.1252375,0.1792703,0.32103354,0.021643462,kyutpdsv_0.png,neutral
318,0.55510366,0.4965407,0.1778784,0.67250437,0.06605747,0.0,0.12610069,0.035318393,1.0,0.02636671,0.27612877,0.20707765,0.41301528,0.0,0.2682301,0.29855183,0.8416575,0.49601033,0.093581475,0.047494847,xbmgiczv_0.png,neutral
319,0.4656769,0.2751527,0.76387507,0.36123726,0.09376119,0.0,0.16878031,0.06122188,0.0,0.02208667,0.29405653,0.39555305,0.44194606,0.0,0.3606316,0.74086195,0.16724585,0.1472584,0.26979768,0.12139154,xjrgrgqx_0.png,neutral
320,0.32949978,0.28492042,0.49835402,0.31668073,0.108996965,0.0,0.07570362,0.004548158,1.0,0.021494804,0.20231886,0.52391165,0.5780905,0.0,0.57480955,0.35154802,0.089815766,0.11957637,0.043803982,0.05234934,voenibzf_0.png,neutral
321,0.5198884,0.14219712,0.2681903,0.3293111,0.14268126,0.0,0.14678876,0.0046051526,0.0,0.15522371,0.21846038,0.23028974,0.55354077,0.0,0.5439896,0.22168717,0.75711644,0.31837758,0.1504017,0.18539736,wwweshdp_0.png,neutral
322,0.62680495,0.2685684,0.47488764,0.37591177,0.12781762,0.0,0.17257285,0.0113739595,0.0,0.095191315,0.14579576,0.44527656,0.38832033,0.0,0.58088744,0.47257164,0.06649456,0.21453331,0.3082419,0.14765546,krsrdnnb_0.png,neutral
323,0.64166087,0.24508797,0.5618622,0.32249817,0.1528179,0.0,0.1615419,0.5878954,1.0,0.036924146,0.47451654,0.68920505,0.37688836,0.0,0.43314993,0.5637669,0.09385621,0.15606263,0.13977195,0.041680083,cyowdqxk_0.png,neutral
324,0.27958244,0.20988756,0.2022501,0.39257947,0.05924003,0.0,0.09491486,0.025562024,0.0,0.0253763,0.1590347,0.17070524,0.37878776,0.0,0.4981567,0.4943498,0.14352095,0.2205394,0.38561645,0.0359183,fvjbzbod_0.png,neutral
325,0.44309813,0.29004806,0.1812276,0.7368648,0.043572113,0.0,0.12653926,0.026330959,1.0,0.030717952,0.18604207,0.15601057,0.35699856,0.0,0.59902424,0.21697898,0.15743586,0.15208344,0.19375601,0.043514006,nbaubyqo_0.png,neutral
326,0.28174666,0.26948935,0.068821095,0.371706,0.098660566,0.0,0.07164406,0.0032550462,0.0,0.028143095,0.25753263,0.110076524,0.529026,0.0,0.5212102,0.51147795,0.006602401,0.09347959,0.16398449,0.028877506,fulrkhnz_0.png,neutral
327,0.51067346,0.11819453,0.91339344,0.34390095,0.079403825,0.0,0.105974175,0.0149050895,1.0,0.014290401,0.20591253,0.18069792,0.5824359,0.0,0.6305682,0.42146197,0.027264776,0.033453982,0.17602222,0.044826616,ryozcbcz_0.png,neutral
328,0.298413,0.25519928,0.17854153,0.66680264,0.07903426,0.0,0.123855494,0.025836611,0.0,0.024294486,0.12852643,0.16541825,0.40037477,0.0,0.24779934,0.20805438,0.005493678,0.10621964,0.14683111,0.03823636,xrwwerfx_0.png,neutral
329,0.39448917,0.53265,0.41196164,0.621779,0.16523997,0.0,0.15533946,0.32854614,1.0,0.46232134,0.5011272,0.07900213,0.3026325,0.0,0.31352085,0.6007541,0.00787122,0.28634116,0.28268197,0.058605045,sbxgrgoi_0.png,neutral
330,0.5588276,0.37382394,0.06415422,0.3780575,0.07047111,0.0,0.06931052,0.0009995336,0.0,0.018848987,0.16146435,0.19382586,0.35480383,0.0,0.24368787,0.12235917,0.21329063,0.1490949,0.039626896,0.04920027,iicumzbe_0.png,neutral
331,0.47050756,0.32029662,0.36986455,0.39297155,0.082274176,0.0,0.11399245,0.002038271,0.0,0.010743258,0.18721037,0.2696766,0.35386533,0.0,0.32991573,0.19414571,0.7817283,0.0849509,0.15930808,0.0356561,vgcjpgdb_0.png,neutral
332,0.73340136,0.2287184,0.16535857,0.5565711,0.1016406,0.0,0.123766206,0.0004334511,0.0,0.027345221,0.22458272,0.26916352,0.4704699,0.0,0.33135825,0.5870851,0.18789569,0.36234072,0.08778154,0.026506227,ipyyjfnr_0.png,neutral
333,0.5047569,0.29354942,0.43910024,0.61709934,0.07747506,0.0,0.14813697,0.0040051104,1.0,0.054482616,0.1656091,0.19630498,0.24539442,0.0,0.36696497,0.17106771,0.9754867,0.25260243,0.18158019,0.05731636,hglnnsex_0.png,neutral
334,0.48140946,0.3607919,0.4363436,0.72742486,0.044529997,0.0,0.1467046,0.0991565,1.0,0.025434008,0.30168068,0.23101623,0.3095865,0.0,0.51900196,0.4000013,0.017145077,0.11294191,0.19958562,0.031171557,gosarzqq_0.png,neutral
335,0.4529165,0.05781965,0.44210333,0.3384629,0.08468958,0.0,0.13749881,0.0067747864,1.0,0.017837541,0.21180704,0.33258677,0.4088643,0.0,0.46467516,0.48286918,0.4397346,0.16477028,0.13680401,0.033821285,zwjyxycm_0.png,neutral
336,0.350122,0.50318325,0.086026154,0.6427592,0.044062193,0.0,0.08867476,0.026355023,0.0,0.013350574,0.16008443,0.12694915,0.32601365,0.0,0.44176757,0.4364555,0.011616459,0.262802,0.24591044,0.026520008,zmznqynj_0.png,neutral
337,0.27951387,0.15662195,0.44958892,0.73057693,0.05541216,0.0,0.13654146,0.090047814,0.0,0.034351066,0.3731736,0.09896672,0.31554037,0.0,0.3882049,0.41921034,0.024987131,0.11136598,0.31916928,0.022999754,wdrgqgjd_0.png,neutral
338,0.28316125,0.26577833,0.16858052,0.48658293,0.07325681,0.0,0.079372406,0.041859046,0.0,0.027168501,0.16566135,0.21921371,0.31394932,0.0,0.16264452,0.36861524,0.19215514,0.046185907,0.25796232,0.020711469,ucpoprwe_0.png,neutral
339,0.41456568,0.080007486,0.31636265,0.5925178,0.06431337,0.0,0.123943985,0.08360449,0.0,0.02614582,0.33728814,0.37287548,0.3583356,0.0,0.20880874,0.42701057,0.031908914,0.057291526,0.4930772,0.024953267,zpqpigjm_0.png,neutral
340,0.34489036,0.30707297,0.38356304,0.5117088,0.058724586,0.0,0.10177458,0.010272921,0.0,0.039935257,0.22164217,0.12852779,0.32817978,0.0,0.48575938,0.6285303,0.03293425,0.080111936,0.15458973,0.03846016,kctyjnwl_0.png,neutral
341,0.40513545,0.36885738,0.083585754,0.5602678,0.047507204,0.0,0.08739466,0.0031712942,1.0,0.035241053,0.173037,0.04353377,0.30937335,0.0,0.23557174,0.29483673,0.88723433,0.20971917,0.11143471,0.018816443,pfbaejrq_0.png,neutral
342,0.63748926,0.38375485,0.14003953,0.5018007,0.061989576,0.0,0.083879575,0.00628039,0.0,0.015740767,0.100312375,0.20395796,0.5395441,0.0,0.30628628,0.17394653,0.8869891,0.11092005,0.20322016,0.17529157,paskcteo_0.png,neutral
343,0.41436267,0.09838457,0.15655491,0.40786433,0.06852327,0.0,0.08006916,0.00482831,1.0,0.014077048,0.16955984,0.30985048,0.49244243,0.0,0.4068919,0.17109883,0.015481217,0.049284656,0.2651344,0.032443367,kvxqsubr_0.png,neutral
344,0.19286293,0.16984254,0.45489818,0.35964355,0.09407604,0.0,0.18000582,0.028783994,1.0,0.044959214,0.5339618,0.77272624,0.419906,0.0,0.4750558,0.735759,0.00039450527,0.07644761,0.30426896,0.027668428,iigfizam_0.png,neutral
345,0.5155368,0.31888068,0.7023754,0.3540753,0.07795193,0.0,0.13817824,0.0011352547,0.0,0.013739374,0.12998796,0.21462482,0.44872472,0.0,0.3834595,0.22042313,0.8543266,0.26098278,0.5661958,0.13089335,gbzzmjut_0.png,neutral
346,0.6743906,0.36776584,0.868114,0.4046364,0.079297684,1.0,0.1563692,0.08959999,1.0,0.020124137,0.43584666,0.68899125,0.620582,0.0,0.46016493,0.6800834,0.7513999,0.67159337,0.3807601,0.034944028,bljnviuo_0.png,neutral
347,0.6769516,0.5124879,0.10982378,0.62697965,0.06575776,0.0,0.13503253,0.002135203,1.0,0.021217214,0.23590373,0.04744939,0.41686755,0.0,0.30390072,0.21837108,0.38656434,0.12167721,0.3457058,0.057505734,vrcmycgq_0.png,neutral
348,0.5025439,0.2959708,0.3117727,0.4892525,0.06539933,0.0,0.16626143,0.22098322,0.0,0.020763407,0.23896584,0.36989456,0.33148453,0.0,0.1563944,0.17414911,0.44605336,0.1070896,0.28690842,0.059264075,prjxjagz_0.png,neutral
349,0.25346923,0.19728635,0.5153718,0.3459448,0.07123333,0.0,0.12120786,0.0111091565,0.0,0.018902047,0.21901993,0.0536804,0.30060714,0.0,0.22185166,0.20300534,0.41307923,0.48659602,0.058158416,0.040801242,hidxpofh_0.png,neutral
